probe_index	participant_id	ses	nBack	stimStart	stimEnd	Deliberate	Detailed	Emotion	Evolving	Focus	Future	Habit	Images	Other	Past	Self	Vivid	Words
0	sub-ADIE001	3mf	0	15.924926	78.837388	4	2	3	4	3	1	4	4	1	1	1	3	1
1	sub-ADIE001	3mf	0	95.453165	147.273426	4	4	3	4	3	1	4	4	1	1	1	3	1
2	sub-ADIE001	3mf	1	259.39495	304.57304899999997	4	4	3	4	4	1	4	3	1	1	1	3	3
3	sub-ADIE001	3mf	1	331.064458	372.21384400000005	4	4	3	4	4	1	4	3	1	1	1	3	3
4	sub-ADIE001	3mf	1	402.227781	443.791569	4	4	3	4	4	1	4	3	1	1	1	3	3
5	sub-ADIE001	3mf	1	460.313822	499.891888	4	4	3	4	4	1	4	3	1	1	1	3	3
0	sub-ADIE001	baseline	0	12.238628	82.303678	1	4	2	1	4	1	1	4	1	1	1	4	1
1	sub-ADIE001	baseline	0	116.639119	168.942304	1	4	3	4	4	1	4	4	1	1	1	4	1
2	sub-ADIE001	baseline	1	263.528337	318.32468	1	4	3	4	4	1	4	2	1	1	1	4	3
3	sub-ADIE001	baseline	1	354.937509	404.85762600000004	1	4	3	4	4	1	4	2	1	1	1	4	3
4	sub-ADIE001	baseline	1	438.28588	489.423577	1	4	3	4	4	1	4	2	1	1	1	4	4
5	sub-ADIE001	baseline	1	515.031501	567.9955580000001	1	4	3	4	4	1	4	2	1	1	1	4	4
0	sub-ADIE002	3mf	1	11.826642	72.517911	3	1	3	1	4	1	1	2	1	1	2	1	3
1	sub-ADIE002	3mf	1	84.426759	142.323913	1	2	3	1	3	1	3	2	1	2	2	1	3
2	sub-ADIE002	3mf	1	154.08016	193.252498	2	1	3	1	3	1	2	2	1	2	2	1	3
3	sub-ADIE002	3mf	1	219.9724	253.960299	2	2	3	1	4	1	1	2	1	1	2	1	3
4	sub-ADIE002	3mf	0	337.818027	393.818508	3	2	2	2	3	2	3	2	2	2	3	1	3
5	sub-ADIE002	3mf	0	454.05352	510.093428	2	2	2	2	3	2	3	2	2	2	3	1	3
0	sub-ADIE002	baseline	0	32.19221	114.598224	2	1	2	1	3	1	1	1	1	2	3	1	2
1	sub-ADIE002	baseline	0	179.570672	232.20589999999999	2	2	2	1	3	1	3	1	1	3	3	1	3
2	sub-ADIE002	baseline	1	271.29029	317.728813	3	1	2	1	4	1	1	2	2	1	3	1	3
3	sub-ADIE002	baseline	1	326.427921	396.06334100000004	3	1	2	1	2	1	3	2	2	2	2	1	3
4	sub-ADIE002	baseline	1	430.058317	471.223816	2	1	2	1	2	1	2	2	1	2	2	1	3
5	sub-ADIE002	baseline	1	542.158936	595.045285	2	2	3	1	3	2	2	2	2	2	2	1	3
0	sub-ADIE002	1yf	0	35.606958	85.49316999999999	4	1	4	1	4	1	1	1	1	1	4	1	1
1	sub-ADIE002	1yf	0	100.826025	135.601789	4	1	4	1	4	1	1	1	1	1	4	1	1
2	sub-ADIE002	1yf	1	243.794928	292.33133499999997	3	1	3	2	3	1	2	2	1	2	3	1	4
3	sub-ADIE002	1yf	1	324.885625	366.943146	4	2	3	2	3	2	3	2	2	3	3	1	3
4	sub-ADIE002	1yf	1	404.245457	453.014388	3	1	3	1	3	1	1	2	2	2	3	1	3
5	sub-ADIE002	1yf	1	461.975106	503.255967	2	1	3	2	3	3	2	3	2	1	3	1	3
0	sub-ADIE005	3mf	0	33.925931	97.392105	4	3	3	1	4	1	2	2	1	1	1	2	3
1	sub-ADIE005	3mf	0	110.152764	150.71749200000002	4	2	3	1	4	1	2	2	1	1	1	2	3
2	sub-ADIE005	3mf	1	295.539055	334.291415	4	1	3	1	4	1	2	2	1	1	1	1	3
3	sub-ADIE005	3mf	1	343.010071	373.791659	4	1	3	1	4	1	2	2	1	2	1	1	3
4	sub-ADIE005	3mf	1	398.716591	429.26831	4	1	3	1	4	1	2	2	1	2	1	1	3
5	sub-ADIE005	3mf	1	441.455859	465.345555	4	1	3	1	4	1	2	2	1	1	1	1	3
0	sub-ADIE005	baseline	1	29.506636	88.76335200000001	4	3	3	3	4	1	1	2	1	1	2	4	3
1	sub-ADIE005	baseline	1	120.632421	172.349754	4	4	3	4	4	1	4	3	1	3	4	4	3
2	sub-ADIE005	baseline	0	238.076911	287.533385	3	2	3	3	3	2	2	3	2	4	3	4	3
3	sub-ADIE005	baseline	0	303.792021	352.859449	3	2	3	1	4	1	1	3	1	1	2	3	3
4	sub-ADIE005	baseline	0	368.622345	414.718591	2	2	3	2	3	1	1	3	1	1	2	3	3
5	sub-ADIE005	baseline	0	427.822094	462.78450599999996	1	2	3	1	4	1	3	3	1	1	2	4	3
0	sub-ADIE005	1yf	1	44.068876	103.49721100000001	3	3	3	1	3	1	2	1	2	3	2	2	3
1	sub-ADIE005	1yf	1	167.48733	206.332167	4	2	3	1	4	1	2	1	1	3	1	1	4
2	sub-ADIE005	1yf	0	247.036131	300.710194	3	2	3	3	3	2	2	2	2	2	2	1	3
3	sub-ADIE005	1yf	0	317.149643	362.761498	3	2	3	3	3	2	2	1	1	2	2	1	3
4	sub-ADIE005	1yf	0	386.610506	431.251754	3	3	3	2	3	1	2	2	1	3	2	1	3
5	sub-ADIE005	1yf	0	446.690584	488.682614	2	2	3	2	2	2	2	1	1	3	2	1	3
0	sub-ADIE012	3mf	0	27.968979	60.492579	4	4	4	4	4	1	4	4	1	1	1	4	4
1	sub-ADIE012	3mf	0	73.029431	97.685301	4	4	4	4	4	1	4	4	1	1	1	4	4
2	sub-ADIE012	3mf	0	168.344412	193.251943	4	4	4	4	4	4	4	4	1	1	1	4	4
3	sub-ADIE012	3mf	1	226.174603	249.723443	4	4	4	4	4	1	4	4	1	1	1	4	4
4	sub-ADIE012	3mf	1	317.13258	344.855708	4	4	4	4	4	1	4	4	1	1	1	4	4
5	sub-ADIE012	3mf	1	360.520341	381.66578400000003	4	4	4	4	4	1	4	4	1	1	1	4	4
0	sub-ADIE012	1yf	1	59.661353	99.271986	4	4	4	4	4	4	3	3	1	1	1	4	2
1	sub-ADIE012	1yf	1	122.311526	147.57769000000002	4	4	4	4	4	4	4	4	1	1	1	4	2
2	sub-ADIE012	1yf	1	159.483757	185.926401	4	4	4	4	4	4	4	4	1	4	1	4	2
3	sub-ADIE012	1yf	0	213.338349	243.056106	4	4	4	4	3	4	3	4	1	4	1	4	2
4	sub-ADIE012	1yf	0	310.399812	332.27997700000003	4	4	4	4	4	4	4	4	1	1	1	4	3
5	sub-ADIE012	1yf	0	364.893096	389.310235	4	4	4	4	3	4	4	4	1	2	1	4	3
0	sub-ADIE015	3mf	1	65.565344	157.123064	3	2	3	2	3	2	2	3	3	3	3	3	2
1	sub-ADIE015	3mf	1	199.628696	272.95288800000003	3	2	3	2	2	3	3	3	3	2	3	2	2
2	sub-ADIE015	3mf	0	319.983771	375.722172	3	2	3	2	2	2	2	3	3	2	3	3	2
3	sub-ADIE015	3mf	0	400.941799	464.730105	2	2	3	2	2	3	2	3	3	2	3	3	2
4	sub-ADIE015	3mf	0	473.044268	523.279954	3	2	3	2	3	3	3	3	2	2	3	3	2
5	sub-ADIE015	3mf	0	539.594169	602.864501	3	2	3	2	3	3	3	3	2	2	3	3	2
0	sub-ADIE015	1yf	0	56.540165	168.230802	2	2	4	2	3	1	2	4	4	4	2	3	3
1	sub-ADIE015	1yf	0	223.396656	304.359983	1	1	4	1	3	4	4	4	3	1	3	2	1
2	sub-ADIE015	1yf	1	330.685218	410.280931	2	2	3	2	3	2	3	3	2	2	4	3	2
3	sub-ADIE015	1yf	1	490.669133	561.121935	2	2	4	3	4	4	4	4	1	1	3	4	1
4	sub-ADIE015	1yf	1	573.778522	635.901034	2	3	3	3	2	4	3	4	4	2	2	3	2
5	sub-ADIE015	1yf	1	651.484806	704.574509	2	2	4	2	2	1	4	2	1	1	4	2	2
0	sub-ADIE018	3mf	0	32.106324	110.43626	4	4	4	3	4	2	3	4	1	3	2	4	1
1	sub-ADIE018	3mf	0	127.069939	195.623787	4	4	4	4	4	4	4	4	1	3	2	4	1
2	sub-ADIE018	3mf	1	300.864935	347.483561	4	4	4	4	4	1	4	4	1	3	1	3	1
3	sub-ADIE018	3mf	1	375.999825	429.668656	4	4	4	3	4	1	4	4	1	1	1	4	1
4	sub-ADIE018	3mf	1	460.647808	514.4393950000001	4	4	4	4	4	1	4	4	1	1	1	4	1
5	sub-ADIE018	3mf	1	530.873374	576.0235789999999	4	4	4	4	4	1	4	4	1	1	1	4	1
0	sub-ADIE018	baseline	0	57.827805	130.018145	4	3	3	3	3	1	1	2	1	1	4	2	2
1	sub-ADIE018	baseline	0	158.2779	227.28264199999998	3	4	4	4	4	1	1	4	2	2	1	2	1
2	sub-ADIE018	baseline	1	287.235336	344.79683700000004	2	3	4	4	4	2	3	4	1	1	1	3	1
3	sub-ADIE018	baseline	1	373.890779	437.573374	2	3	3	4	4	3	3	4	1	3	4	2	1
4	sub-ADIE018	baseline	1	488.618899	544.462302	2	3	3	3	4	3	4	4	1	2	2	2	1
5	sub-ADIE018	baseline	1	553.373142	606.947958	1	2	2	2	2	2	3	3	1	2	2	2	2
0	sub-ADIE019	3mf	0	12.437238	58.467138	4	4	4	1	4	1	1	1	1	1	1	1	4
1	sub-ADIE019	3mf	0	89.718921	128.972664	4	1	4	1	4	1	1	1	1	1	1	1	4
2	sub-ADIE019	3mf	0	144.929565	172.89571700000002	4	1	4	1	4	1	1	1	1	1	1	1	4
3	sub-ADIE019	3mf	0	205.508287	232.45605400000002	4	1	4	1	4	1	1	1	1	1	1	1	4
4	sub-ADIE019	3mf	1	284.393007	315.759644	4	1	4	1	4	1	1	1	1	1	1	1	4
5	sub-ADIE019	3mf	1	360.214815	386.573574	4	1	4	1	4	1	1	1	1	1	1	1	4
0	sub-ADIE019	baseline	1	12.770188	63.965028	4	4	3	1	4	1	1	4	1	1	1	1	1
1	sub-ADIE019	baseline	1	89.793445	131.782129	4	4	3	4	4	1	1	4	1	1	1	1	1
2	sub-ADIE019	baseline	0	243.114761	282.98949600000003	4	4	3	4	4	1	1	4	1	1	1	1	1
3	sub-ADIE019	baseline	0	312.258806	360.12186199999996	4	4	3	4	4	1	4	4	1	1	1	1	1
4	sub-ADIE019	baseline	0	407.074206	463.05658999999997	4	1	3	1	4	1	4	4	1	1	1	4	1
5	sub-ADIE019	baseline	0	478.477709	527.260652	4	3	4	1	4	1	4	2	1	1	1	3	2
0	sub-ADIE019	1yf	0	81.163714	130.88457499999998	4	4	4	1	4	1	1	1	1	1	1	1	1
1	sub-ADIE019	1yf	0	146.868237	185.44619899999998	4	3	4	1	1	1	1	3	1	1	1	1	4
2	sub-ADIE019	1yf	1	224.782039	259.590776	4	4	4	3	4	1	1	1	1	1	1	1	4
3	sub-ADIE019	1yf	1	286.940595	320.007437	4	4	4	4	4	1	1	1	1	1	1	4	4
4	sub-ADIE019	1yf	1	328.017709	359.756963	4	4	4	4	4	1	1	1	1	1	1	4	4
5	sub-ADIE019	1yf	1	372.856696	404.393815	4	4	4	4	4	1	1	1	1	1	1	4	4
0	sub-ADIE028	3mf	0	52.479769	103.92578	3	3	3	3	3	1	2	3	1	1	2	3	1
1	sub-ADIE028	3mf	0	112.424262	153.342466	3	2	3	3	3	2	2	3	2	1	2	3	1
2	sub-ADIE028	3mf	0	203.002541	241.76069500000003	3	2	3	3	3	1	2	3	2	2	2	2	2
3	sub-ADIE028	3mf	1	278.094243	313.556477	4	4	3	4	4	1	1	4	1	1	1	1	1
4	sub-ADIE028	3mf	1	330.75385	358.133109	4	4	3	4	4	1	1	4	1	1	1	1	1
5	sub-ADIE028	3mf	1	423.499788	449.872189	1	4	3	4	4	1	1	1	1	1	1	1	1
0	sub-ADIE028	baseline	0	63.019395	126.48394499999999	3	4	3	3	4	1	3	3	2	1	3	1	1
1	sub-ADIE028	baseline	0	142.099661	191.98193600000002	3	3	3	4	3	1	2	3	1	1	1	1	1
2	sub-ADIE028	baseline	1	272.875615	320.425612	4	2	3	3	4	1	1	4	1	1	3	1	1
3	sub-ADIE028	baseline	1	332.344455	370.032259	4	1	4	4	4	1	1	4	1	1	1	1	1
4	sub-ADIE028	baseline	1	399.63165	437.74071299999997	4	1	4	4	4	1	1	4	1	1	1	1	1
5	sub-ADIE028	baseline	1	486.637295	519.376901	4	1	4	4	4	1	1	4	1	1	1	1	1
0	sub-ADIE028	1yf	0	9.480769	78.767724	2	3	2	2	3	3	3	2	3	3	3	1	2
1	sub-ADIE028	1yf	0	94.267287	131.895297	3	2	2	2	3	2	2	3	2	2	2	1	2
2	sub-ADIE028	1yf	0	189.130622	263.22015400000004	2	1	2	2	1	1	1	3	1	1	1	1	3
3	sub-ADIE028	1yf	1	366.078732	403.018872	2	1	2	1	1	4	1	3	1	1	1	1	2
4	sub-ADIE028	1yf	1	412.629824	447.272043	2	1	2	1	3	1	1	3	1	1	1	1	2
5	sub-ADIE028	1yf	1	499.336029	531.074595	2	1	2	1	1	1	1	3	1	1	1	1	1
0	sub-ADIE032	3mf	1	55.659001	145.74932900000002	3	3	4	2	4	2	2	3	2	2	3	2	2
1	sub-ADIE032	3mf	1	158.111045	198.942484	3	3	3	2	4	2	2	4	2	2	3	1	1
2	sub-ADIE032	3mf	1	234.123579	280.17573600000003	4	3	3	3	4	2	2	4	2	1	3	1	2
3	sub-ADIE032	3mf	0	304.354512	357.509003	2	2	3	2	3	2	2	3	2	1	3	1	2
4	sub-ADIE032	3mf	0	446.965896	485.148223	4	4	4	4	4	1	2	4	4	2	3	2	1
5	sub-ADIE032	3mf	0	493.863606	545.9261690000001	2	3	2	3	2	2	2	4	2	2	3	2	1
0	sub-ADIE032	baseline	0	12.835063	132.67816399999998	4	2	3	1	3	1	4	1	3	4	1	1	4
1	sub-ADIE032	baseline	0	141.288583	236.313448	1	1	3	2	4	1	2	4	1	2	1	1	4
2	sub-ADIE032	baseline	0	283.17193	382.867458	4	3	3	1	3	1	2	3	4	1	1	1	1
3	sub-ADIE032	baseline	0	419.634868	489.27193700000004	4	1	2	3	3	3	1	1	4	1	1	1	1
4	sub-ADIE032	baseline	1	538.704566	611.823021	1	1	3	1	4	1	1	3	2	1	1	1	2
5	sub-ADIE032	baseline	1	620.088745	756.7091710000001	3	4	3	1	2	3	2	3	2	1	2	1	3
0	sub-ADIE040	3mf	0	85.176313	147.377212	3	3	4	4	3	2	2	3	1	2	4	4	4
1	sub-ADIE040	3mf	0	182.980644	241.842371	4	4	4	4	3	3	3	3	1	2	4	4	3
2	sub-ADIE040	3mf	1	272.616388	338.819981	4	2	4	3	2	3	4	4	1	1	4	3	4
3	sub-ADIE040	3mf	1	347.216048	418.12890699999997	4	4	4	3	3	2	2	4	1	4	4	4	3
4	sub-ADIE040	3mf	1	452.216818	507.21094300000004	4	4	4	3	4	2	3	4	1	3	4	4	4
5	sub-ADIE040	3mf	1	564.18751	620.177822	4	4	4	4	4	3	3	3	1	3	4	4	4
0	sub-ADIE040	baseline	1	11.877136	82.62138900000001	1	1	2	1	3	1	1	1	1	1	1	1	1
1	sub-ADIE040	baseline	1	116.557893	201.622784	2	1	3	3	3	1	2	1	1	1	1	1	1
2	sub-ADIE040	baseline	1	217.896571	335.332555	4	4	3	3	4	1	4	3	1	1	1	2	1
3	sub-ADIE040	baseline	1	377.402378	495.771015	3	4	4	3	3	3	2	4	1	1	1	4	3
4	sub-ADIE040	baseline	0	545.695088	638.746672	4	4	4	3	3	3	2	3	1	2	1	4	3
5	sub-ADIE040	baseline	0	732.882352	831.892267	3	3	4	3	2	2	2	4	1	1	1	3	4
0	sub-ADIE040	1yf	0	27.545767	90.928625	3	4	4	4	3	3	3	2	1	1	4	3	3
1	sub-ADIE040	1yf	0	103.62859	167.609183	3	3	2	2	3	3	3	3	1	3	3	3	4
2	sub-ADIE040	1yf	0	183.141239	240.987263	3	3	3	4	2	3	4	3	1	3	3	2	3
3	sub-ADIE040	1yf	1	347.053024	414.596264	2	2	3	2	3	4	3	3	1	3	1	2	2
4	sub-ADIE040	1yf	1	423.457533	479.166142	2	3	2	3	3	4	2	3	1	2	1	1	3
5	sub-ADIE040	1yf	1	507.950392	562.5011569999999	3	3	3	3	3	3	2	3	1	3	1	2	3
0	sub-ADIE041	3mf	0	95.978848	167.466142	1	3	2	3	1	4	4	1	4	4	2	2	1
1	sub-ADIE041	3mf	1	209.468966	262.664353	4	2	4	1	4	1	1	4	1	1	1	2	4
2	sub-ADIE041	3mf	1	296.876607	338.185158	4	3	3	1	3	1	1	2	1	1	1	2	4
3	sub-ADIE041	3mf	1	351.15404	385.15076	4	1	4	1	4	1	1	1	1	1	1	1	4
4	sub-ADIE041	3mf	1	393.191446	431.132571	4	1	4	1	3	1	1	2	1	1	1	1	4
5	sub-ADIE041	3mf	1	448.809083	499.41283500000003	4	1	4	1	3	1	1	2	1	1	1	1	2
0	sub-ADIE041	baseline	1	63.186527	131.294927	4	4	3	1	4	1	1	2	1	1	1	3	4
1	sub-ADIE041	baseline	0	207.42684	263.751933	3	3	3	4	3	1	1	1	1	3	1	1	4
2	sub-ADIE041	baseline	0	276.484187	330.398275	4	2	3	3	4	1	1	1	1	1	1	1	4
3	sub-ADIE041	baseline	0	342.79489	392.640912	3	3	2	3	4	1	1	1	1	1	1	1	4
4	sub-ADIE041	baseline	0	440.715141	504.93685500000004	2	1	3	3	3	3	4	1	1	1	3	1	1
5	sub-ADIE041	baseline	0	513.826631	566.951751	1	2	3	1	2	3	1	1	3	1	3	1	1
0	sub-ADIE041	1yf	1	28.969628	91.00215200000001	4	3	3	3	4	1	4	1	1	2	1	2	4
1	sub-ADIE041	1yf	1	103.601921	157.44090500000001	4	2	3	2	4	1	1	2	1	1	1	2	4
2	sub-ADIE041	1yf	1	227.334838	280.993295	3	2	4	3	3	3	3	2	1	1	2	1	4
3	sub-ADIE041	1yf	0	340.750205	389.232849	3	2	4	4	2	3	1	1	1	2	2	1	2
4	sub-ADIE041	1yf	0	404.865158	460.39194000000003	2	1	4	3	2	4	3	2	3	2	2	2	1
5	sub-ADIE041	1yf	0	496.324538	543.777026	1	2	3	3	1	3	4	2	1	2	2	2	1
0	sub-ADIE058	3mf	1	57.883292	134.659469	4	3	4	1	3	3	3	3	1	3	4	3	3
1	sub-ADIE058	3mf	1	143.708803	198.694278	4	4	4	3	2	4	1	3	3	3	4	3	1
2	sub-ADIE058	3mf	1	214.916024	268.987727	2	2	3	2	3	1	3	3	1	3	3	2	1
3	sub-ADIE058	3mf	1	282.206353	335.667968	2	3	3	1	3	1	3	3	1	1	1	2	1
4	sub-ADIE058	3mf	0	453.381635	499.275019	3	3	3	2	2	4	3	3	3	3	2	3	1
5	sub-ADIE058	3mf	0	529.858314	576.0426759999999	3	1	3	1	2	1	3	1	2	1	1	2	1
0	sub-ADIE058	1yf	1	16.20805	91.08467	2	1	2	2	2	1	1	2	3	1	1	2	1
1	sub-ADIE058	1yf	1	119.628374	173.66932400000002	2	3	2	1	2	1	3	2	3	3	1	3	1
2	sub-ADIE058	1yf	1	213.955647	273.267261	3	3	3	3	3	2	3	3	1	1	1	2	1
3	sub-ADIE058	1yf	0	316.358976	376.369237	1	2	2	2	2	1	1	1	1	1	1	1	2
4	sub-ADIE058	1yf	0	389.369127	444.758948	2	2	2	2	3	1	1	2	1	1	3	1	2
5	sub-ADIE058	1yf	0	516.923902	573.665741	4	3	4	4	3	4	3	3	4	4	4	1	2
0	sub-ADIE094	3mf	0	15.319168	57.216868000000005	2	3	3	3	3	1	3	1	3	1	1	1	1
1	sub-ADIE094	3mf	0	81.92603	123.104533	1	2	3	1	3	1	1	1	1	1	1	1	1
2	sub-ADIE094	3mf	0	138.086839	170.777403	1	3	1	1	1	1	1	1	1	1	1	1	1
3	sub-ADIE094	3mf	0	178.987618	213.73065400000002	1	3	3	1	3	1	1	1	1	1	1	1	1
4	sub-ADIE094	3mf	1	276.435353	308.774928	1	4	4	1	3	1	1	1	1	1	1	1	1
5	sub-ADIE094	3mf	1	393.799082	432.727542	4	4	4	1	4	1	1	4	1	1	1	1	1
0	sub-ADIE094	baseline	1	99.061088	149.798968	1	1	2	1	3	1	1	1	1	1	3	2	1
1	sub-ADIE094	baseline	0	205.407649	244.344349	1	1	2	1	2	1	1	1	1	1	2	2	1
2	sub-ADIE094	baseline	0	274.228654	313.200668	1	3	3	3	3	1	1	1	1	1	1	3	1
3	sub-ADIE094	baseline	0	329.384609	358.855204	2	1	2	1	2	1	1	2	1	1	1	1	1
4	sub-ADIE094	baseline	0	374.239127	398.338635	1	3	1	1	3	1	1	1	1	1	1	1	1
5	sub-ADIE094	baseline	0	430.017691	455.252523	1	1	1	1	3	1	1	1	1	1	1	1	3
0	sub-ADIE106	3mf	1	22.01443	94.430156	2	2	2	2	3	2	2	2	2	2	2	2	2
1	sub-ADIE106	3mf	1	157.680532	225.155644	2	2	2	2	3	2	2	2	2	2	2	2	2
2	sub-ADIE106	3mf	1	237.676565	293.11141999999995	2	2	2	2	4	2	2	2	2	2	2	2	2
3	sub-ADIE106	3mf	0	325.081185	368.48207499999995	2	2	2	2	4	2	2	2	2	2	2	2	2
4	sub-ADIE106	3mf	0	381.831937	441.00915299999997	2	2	2	2	3	2	2	2	2	2	2	2	2
5	sub-ADIE106	3mf	0	513.237535	567.663062	2	2	2	2	3	2	2	2	2	2	2	2	2
0	sub-ADIE106	1yf	0	34.257291	71.434028	2	2	2	2	3	2	2	2	2	2	2	2	2
1	sub-ADIE106	1yf	0	86.567452	118.472835	2	2	3	2	3	2	3	2	4	3	2	2	3
2	sub-ADIE106	1yf	0	133.755421	172.9345	2	2	2	2	3	2	2	2	2	2	2	3	2
3	sub-ADIE106	1yf	1	264.982089	300.674114	2	2	2	2	2	2	2	2	2	3	2	2	2
4	sub-ADIE106	1yf	1	371.536028	412.54999699999996	2	2	2	2	3	2	2	2	2	2	2	2	2
5	sub-ADIE106	1yf	1	427.732419	466.394367	2	2	2	2	3	2	2	2	2	2	2	2	2
0	sub-ADIE107	3mf	0	98.890378	133.82567	3	2	3	1	4	1	4	1	3	2	2	2	4
1	sub-ADIE107	3mf	1	203.324549	238.612321	4	3	3	3	3	4	2	3	3	3	3	1	4
2	sub-ADIE107	3mf	1	255.437159	283.77237199999996	4	3	3	1	2	2	2	1	3	2	3	1	3
3	sub-ADIE107	3mf	1	313.363022	341.829494	3	3	3	2	3	2	2	3	3	2	2	1	3
4	sub-ADIE107	3mf	1	354.536476	381.56043500000004	4	2	3	2	3	3	1	3	4	1	2	1	2
5	sub-ADIE107	3mf	1	390.072463	420.88754400000005	4	2	3	2	3	2	3	1	4	4	2	1	3
0	sub-ADIE107	baseline	1	9.387547	69.706533	1	2	4	3	4	3	4	2	1	1	3	1	4
1	sub-ADIE107	baseline	1	85.317245	132.96313099999998	1	4	4	2	4	4	1	2	2	2	3	1	4
2	sub-ADIE107	baseline	1	150.238834	194.862893	3	3	4	2	4	3	3	3	2	1	2	1	3
3	sub-ADIE107	baseline	1	203.829969	243.46728	2	3	4	2	3	3	2	3	1	1	3	1	3
4	sub-ADIE107	baseline	0	407.630696	449.705601	1	1	2	2	2	2	1	3	2	1	2	1	2
5	sub-ADIE107	baseline	0	481.855346	523.450511	2	2	4	1	3	2	2	2	1	1	2	1	2
0	sub-ADIE107	1yf	1	25.253779	62.980187	3	4	2	1	4	1	2	2	2	1	3	1	4
1	sub-ADIE107	1yf	0	194.297071	230.935169	2	2	3	1	2	1	2	1	3	2	2	1	3
2	sub-ADIE107	1yf	0	246.918247	281.39333799999997	3	2	2	1	2	2	4	1	2	1	2	1	2
3	sub-ADIE107	1yf	0	290.60557	321.176169	3	2	2	3	2	1	3	1	2	2	2	1	3
4	sub-ADIE107	1yf	0	355.933053	392.834923	2	2	2	2	1	3	2	2	2	2	2	1	2
5	sub-ADIE107	1yf	0	401.803137	435.069998	3	3	2	3	3	3	2	2	1	1	2	1	4
0	sub-ADIE113	3mf	1	13.176945	108.46652200000001	2	1	2	3	1	2	3	3	2	1	3	3	1
1	sub-ADIE113	3mf	1	117.194802	236.88986	1	3	1	2	4	1	3	3	2	3	2	4	1
2	sub-ADIE113	3mf	1	286.603006	343.661544	4	3	3	3	4	2	3	3	1	2	3	4	1
3	sub-ADIE113	3mf	1	375.975028	423.761148	4	3	3	3	4	3	3	4	1	2	4	4	1
4	sub-ADIE113	3mf	0	488.424647	534.118655	4	4	4	3	3	2	3	4	1	2	3	4	1
5	sub-ADIE113	3mf	0	550.45218	610.8993849999999	2	2	2	3	2	3	3	3	2	2	3	2	3
0	sub-ADIE113	baseline	1	47.504239	117.54077000000001	4	4	3	2	4	2	3	4	1	1	3	3	1
1	sub-ADIE113	baseline	1	180.853068	262.659371	4	4	4	3	4	3	3	4	1	2	4	4	1
2	sub-ADIE113	baseline	0	339.043196	416.31785499999995	3	4	2	2	3	3	3	3	1	2	3	4	1
3	sub-ADIE113	baseline	0	432.317444	589.360089	2	3	2	3	2	2	3	3	2	3	3	3	1
4	sub-ADIE113	baseline	0	597.970243	666.0724299999999	3	3	3	2	2	3	1	3	1	1	3	3	1
5	sub-ADIE113	baseline	0	700.822041	758.414735	3	3	4	3	3	2	3	3	2	3	3	3	1
0	sub-ADIE116	3mf	0	35.906544	92.03422499999999	4	4	3	1	4	1	1	4	1	1	1	4	1
1	sub-ADIE116	3mf	0	119.510743	180.590686	4	4	3	4	4	1	1	4	1	1	1	4	1
2	sub-ADIE116	3mf	1	259.425574	298.78846	4	1	3	1	4	1	1	1	1	1	1	4	1
3	sub-ADIE116	3mf	1	334.597613	367.196126	4	4	3	1	4	1	1	1	1	1	1	1	1
4	sub-ADIE116	3mf	1	383.26161	416.786084	4	1	3	1	4	1	1	4	1	1	1	1	1
5	sub-ADIE116	3mf	1	463.314002	502.640192	4	4	3	1	4	1	1	1	1	1	1	1	1
0	sub-ADIE118	3mf	1	56.278428	97.383697	1	1	4	1	4	1	1	1	1	1	4	1	1
1	sub-ADIE118	3mf	1	126.143331	151.018842	1	1	4	1	4	1	1	1	1	1	1	1	1
2	sub-ADIE118	3mf	0	213.478691	244.142071	1	1	1	1	4	1	1	1	1	1	1	1	4
3	sub-ADIE118	3mf	0	257.110631	279.80397700000003	1	1	4	1	4	1	1	1	1	1	1	1	1
4	sub-ADIE118	3mf	0	339.771638	361.5519	1	1	4	1	4	1	1	1	1	1	1	1	1
5	sub-ADIE118	3mf	0	377.217813	424.704542	1	4	4	1	3	1	1	4	4	1	4	4	2
0	sub-ADIE118	baseline	1	9.972886	65.720841	4	4	4	4	4	1	1	4	1	1	4	1	1
1	sub-ADIE118	baseline	1	104.123488	147.554363	4	1	4	1	4	1	1	4	1	1	1	4	1
2	sub-ADIE118	baseline	1	178.364195	232.214403	3	4	2	2	3	1	3	4	1	2	4	4	3
3	sub-ADIE118	baseline	1	248.853993	287.128387	4	1	4	1	4	1	1	1	1	1	1	1	1
4	sub-ADIE118	baseline	0	350.731244	390.045881	1	3	4	2	2	1	1	4	4	2	1	1	1
5	sub-ADIE118	baseline	0	448.421869	481.62082300000003	1	1	4	1	3	1	2	4	4	1	1	1	1
0	sub-ADIE118	1yf	1	52.915288	96.86561499999999	1	1	4	1	4	1	1	1	1	1	4	1	4
1	sub-ADIE118	1yf	1	112.666745	141.61966900000002	1	1	4	1	4	1	1	1	1	1	1	1	4
2	sub-ADIE118	1yf	1	185.142796	229.693555	1	3	2	1	3	1	4	2	4	1	4	1	1
3	sub-ADIE118	1yf	0	277.472395	299.268203	1	1	4	1	4	1	1	1	1	1	1	1	1
4	sub-ADIE118	1yf	0	308.434463	328.959627	1	1	4	1	4	1	1	1	1	1	1	1	1
5	sub-ADIE118	1yf	0	345.359865	363.22085799999996	1	1	4	1	4	1	1	1	1	1	1	1	1
0	sub-ADIE125	3mf	1	28.120802	63.878182	4	3	3	3	4	1	3	2	1	1	1	1	4
1	sub-ADIE125	3mf	1	125.126394	153.482713	4	4	3	3	4	1	4	3	1	2	1	2	3
2	sub-ADIE125	3mf	1	169.654542	196.320951	4	3	3	3	4	1	4	1	1	1	1	2	4
3	sub-ADIE125	3mf	0	257.950594	285.769356	3	3	3	3	4	1	4	2	1	1	1	3	4
4	sub-ADIE125	3mf	0	317.825003	344.18728600000003	3	3	3	3	4	1	3	2	1	1	1	3	3
5	sub-ADIE125	3mf	0	364.559699	393.142154	3	3	3	2	4	1	3	2	1	1	2	2	3
0	sub-ADIE125	baseline	1	49.59609	92.95471099999999	3	2	3	1	4	1	2	2	1	1	1	2	2
1	sub-ADIE125	baseline	1	102.052874	138.12803300000002	2	2	3	2	4	1	3	1	1	1	2	3	3
2	sub-ADIE125	baseline	1	154.000223	197.163827	3	2	3	4	4	1	3	2	1	1	1	3	3
3	sub-ADIE125	baseline	1	212.952198	250.419094	2	2	2	1	3	1	4	1	1	1	1	2	3
4	sub-ADIE125	baseline	0	387.253516	420.021857	1	2	3	2	4	1	4	3	1	1	1	3	3
5	sub-ADIE125	baseline	0	432.101153	469.918545	1	2	3	2	4	1	3	2	1	1	2	2	2
0	sub-ADIE125	1yf	0	34.657477	81.67331300000001	1	2	2	2	3	3	3	1	1	1	3	2	3
1	sub-ADIE125	1yf	0	106.555723	137.43617799999998	1	1	2	2	4	1	3	1	1	1	1	1	4
2	sub-ADIE125	1yf	0	180.508092	205.49235099999999	2	2	3	2	4	1	3	1	1	1	1	2	3
3	sub-ADIE125	1yf	1	280.175908	317.184774	1	2	3	1	4	2	3	3	1	1	1	2	3
4	sub-ADIE125	1yf	1	367.599101	397.16708	1	1	2	1	4	2	3	2	1	2	1	2	3
5	sub-ADIE125	1yf	1	410.318526	445.857394	1	1	3	1	4	1	3	2	1	1	1	1	3
0	sub-ADIE126	baseline	1	15.913162	82.77443699999999	1	1	1	2	2	1	4	1	3	1	2	1	1
1	sub-ADIE126	baseline	1	95.36454	165.356949	1	1	3	1	4	1	1	1	1	1	1	1	1
2	sub-ADIE126	baseline	1	177.19651	210.78256399999998	4	2	4	2	4	1	1	1	1	1	1	2	4
3	sub-ADIE126	baseline	0	302.436618	338.243239	3	2	3	2	3	2	3	1	1	2	1	2	2
4	sub-ADIE126	baseline	0	418.951683	454.52895	2	2	3	3	2	3	3	3	1	3	2	3	1
5	sub-ADIE126	baseline	0	483.723503	510.620401	1	1	2	1	2	1	1	1	2	1	1	1	1
0	sub-ADIE126	1yf	1	15.191718	63.228877	3	1	1	2	3	2	3	2	1	1	3	1	3
1	sub-ADIE126	1yf	1	121.264185	153.61984	2	1	2	2	2	1	1	1	1	1	3	1	2
2	sub-ADIE126	1yf	1	161.880126	187.447375	1	1	3	1	3	1	1	1	1	1	2	1	1
3	sub-ADIE126	1yf	1	208.38542	249.549378	2	1	2	1	3	1	3	1	1	1	3	1	2
4	sub-ADIE126	1yf	0	323.030486	366.62958299999997	3	1	3	2	2	3	3	1	3	1	3	1	2
5	sub-ADIE126	1yf	0	431.403788	461.674935	2	2	2	2	2	1	3	2	1	1	3	1	2
0	sub-ADIE126	3mf	1	8.41949	52.202609	1	1	3	1	4	1	1	1	1	1	2	1	1
1	sub-ADIE126	3mf	1	97.243493	133.320497	2	2	3	2	4	1	2	1	1	1	1	1	3
2	sub-ADIE126	3mf	1	164.482815	196.489744	2	1	2	2	4	2	2	1	1	1	3	1	2
3	sub-ADIE126	3mf	0	321.080159	375.405658	2	2	3	3	2	2	2	1	2	2	2	2	3
4	sub-ADIE126	3mf	0	386.868949	399.692321	1	1	1	1	4	1	1	1	1	1	1	1	1
5	sub-ADIE126	3mf	0	414.975077	442.36120500000004	2	1	3	1	4	1	1	1	1	1	2	1	2
0	sub-ADIE129	baseline	1	13.210794	62.845476999999995	2	3	3	2	4	2	1	2	1	1	1	2	4
1	sub-ADIE129	baseline	1	111.074302	152.76931599999998	3	2	2	2	2	3	3	2	3	2	3	2	3
2	sub-ADIE129	baseline	1	184.699545	288.981961	2	2	2	1	3	3	3	2	3	2	3	2	2
3	sub-ADIE129	baseline	1	301.148666	341.825514	1	1	2	2	2	4	4	1	3	1	3	2	3
4	sub-ADIE129	baseline	0	448.518567	482.340739	1	3	1	3	2	2	4	2	4	2	1	3	3
5	sub-ADIE129	baseline	0	491.452049	541.4233409999999	1	2	1	2	1	3	4	2	3	2	2	3	3
0	sub-ADIE131	3mf	1	40.489359	87.504481	4	1	1	1	4	1	1	1	1	1	1	1	1
1	sub-ADIE131	3mf	1	96.54416	140.34013000000002	4	1	1	1	4	1	1	1	1	1	1	1	1
2	sub-ADIE131	3mf	1	157.025816	185.274918	4	1	1	1	4	1	1	1	1	1	1	1	1
3	sub-ADIE131	3mf	1	201.909434	236.398119	4	1	1	1	4	1	1	1	1	1	1	1	1
4	sub-ADIE131	3mf	0	321.275926	349.77559099999996	4	1	1	1	4	1	1	1	1	1	1	1	1
5	sub-ADIE131	3mf	0	393.377193	422.91228	4	1	1	1	4	1	1	1	1	1	1	1	1
0	sub-ADIE131	baseline	1	15.978896	99.893832	1	1	2	1	4	1	2	4	1	1	1	2	1
1	sub-ADIE131	baseline	1	122.779715	188.161597	3	1	2	1	4	1	2	4	1	1	1	1	1
2	sub-ADIE131	baseline	1	205.001313	250.459156	1	1	2	1	4	1	1	4	1	1	1	1	1
3	sub-ADIE131	baseline	1	301.657723	342.27577	2	1	2	1	4	1	1	4	1	1	1	1	1
4	sub-ADIE131	baseline	0	385.142425	419.275188	2	1	2	1	1	1	1	4	1	1	1	1	1
5	sub-ADIE131	baseline	0	428.723164	465.54427100000004	2	1	2	1	1	1	1	4	1	1	1	1	1
0	sub-ADIE131	1yf	1	58.879523	116.790289	4	3	1	3	4	1	1	1	1	1	1	1	3
1	sub-ADIE131	1yf	1	142.289454	175.872659	4	1	1	1	4	1	1	1	1	1	1	1	4
2	sub-ADIE131	1yf	0	250.954305	282.226712	4	4	1	1	4	1	1	1	1	1	1	1	1
3	sub-ADIE131	1yf	0	295.077016	324.978704	4	4	1	1	1	1	1	1	1	1	1	1	1
4	sub-ADIE131	1yf	0	340.912881	369.332723	4	1	1	1	4	1	1	1	1	1	1	1	1
5	sub-ADIE131	1yf	0	400.234566	444.328172	4	4	1	1	4	1	1	1	1	1	1	1	1
0	sub-ADIE135	1yf	1	49.673934	101.896378	1	4	2	4	4	2	1	1	1	1	1	1	4
1	sub-ADIE135	1yf	1	117.829879	150.119559	1	4	2	2	4	2	1	1	1	1	1	1	4
2	sub-ADIE135	1yf	1	162.275908	187.016879	1	4	2	2	4	2	1	1	1	1	1	1	4
3	sub-ADIE135	1yf	1	216.78623	241.162425	1	4	2	4	4	2	1	1	1	1	1	1	4
4	sub-ADIE135	1yf	0	267.205339	292.321669	1	4	2	4	4	1	1	1	1	1	1	1	4
5	sub-ADIE135	1yf	0	304.922032	329.252488	1	4	2	4	4	4	1	1	1	1	1	1	4
0	sub-ADIE135	3mf	0	24.985098	62.309809	1	3	2	1	4	1	3	1	1	1	1	1	4
1	sub-ADIE135	3mf	0	74.808841	100.790889	1	3	2	1	4	1	3	1	1	1	1	1	4
2	sub-ADIE135	3mf	1	227.701646	256.454299	1	3	2	3	4	4	3	1	1	1	1	1	4
3	sub-ADIE135	3mf	1	287.082403	312.801048	1	3	2	3	4	3	4	1	1	1	1	1	4
4	sub-ADIE135	3mf	1	341.545363	365.661692	1	4	2	3	4	1	4	1	1	1	1	1	4
5	sub-ADIE135	3mf	1	380.646173	406.879207	1	3	2	3	4	4	1	1	1	1	1	1	4
0	sub-ADIE135	baseline	1	105.022071	164.302821	1	3	2	3	4	1	2	2	2	3	2	2	3
1	sub-ADIE135	baseline	1	176.050626	222.01687299999998	3	3	2	4	4	2	3	3	1	2	2	2	3
2	sub-ADIE135	baseline	0	259.237387	293.291542	3	3	2	3	4	1	2	3	1	1	2	2	3
3	sub-ADIE135	baseline	0	309.343413	342.665455	3	3	2	3	4	1	2	3	1	1	1	1	3
4	sub-ADIE135	baseline	0	350.775439	383.31614399999995	3	3	2	3	4	1	2	3	1	1	1	1	3
5	sub-ADIE135	baseline	0	435.246258	464.58302799999996	3	3	2	3	4	1	2	3	1	2	1	1	3
0	sub-ADIE138	3mf	1	75.173942	140.314212	2	4	4	4	4	3	3	4	1	2	3	3	2
1	sub-ADIE138	3mf	0	207.623598	249.57516399999997	3	3	4	3	4	4	3	4	2	3	4	4	1
2	sub-ADIE138	3mf	0	278.402926	319.25693	3	3	4	3	4	3	3	4	2	2	4	3	2
3	sub-ADIE138	3mf	0	349.462676	388.510964	2	3	4	4	4	3	3	3	4	3	3	4	1
4	sub-ADIE138	3mf	0	404.499758	438.154358	3	3	3	3	4	3	4	3	2	1	3	3	1
5	sub-ADIE138	3mf	0	474.435802	505.06414	2	3	2	3	3	3	3	4	1	3	3	3	1
0	sub-ADIE138	1yf	0	32.135508	80.039626	3	3	4	3	4	3	2	3	3	3	2	3	2
1	sub-ADIE138	1yf	0	92.338982	126.661191	3	3	4	3	4	3	3	3	3	3	2	2	3
2	sub-ADIE138	1yf	0	151.920814	182.623723	3	3	4	3	4	3	3	3	1	3	4	3	3
3	sub-ADIE138	1yf	0	198.256183	223.273062	3	3	4	4	4	3	4	3	2	3	3	4	3
4	sub-ADIE138	1yf	1	298.922465	326.14155800000003	4	3	4	3	4	3	3	3	4	3	3	3	3
5	sub-ADIE138	1yf	1	389.130839	412.561878	3	3	3	3	4	3	3	3	1	3	3	3	3
0	sub-ADIE140	baseline	1	30.291958	109.83493299999999	3	2	1	3	3	2	4	4	3	1	4	4	1
1	sub-ADIE140	baseline	1	145.35915	235.255569	4	4	3	2	2	1	3	4	1	1	2	1	1
2	sub-ADIE140	baseline	1	283.684421	357.02299700000003	3	3	2	1	2	1	4	4	1	1	3	1	1
3	sub-ADIE140	baseline	0	418.097724	471.21740700000004	4	3	4	3	4	3	2	4	1	1	4	3	1
4	sub-ADIE140	baseline	0	501.734831	579.7739339999999	2	3	2	1	3	2	3	4	1	2	3	2	1
5	sub-ADIE140	baseline	0	608.334132	662.492382	2	3	1	1	3	2	1	4	1	3	2	2	1
0	sub-ADIE141	baseline	1	47.248207	89.144795	4	4	4	3	3	3	4	1	1	1	1	2	4
1	sub-ADIE141	baseline	1	137.424408	168.043801	4	4	3	2	3	3	4	1	1	2	1	1	4
2	sub-ADIE141	baseline	0	231.949462	268.49329400000005	1	2	2	1	2	3	1	1	3	2	2	1	3
3	sub-ADIE141	baseline	0	300.291318	331.078756	1	1	2	1	1	2	1	1	3	2	3	1	4
4	sub-ADIE141	baseline	0	360.772949	389.710716	1	1	3	2	1	3	1	1	1	1	3	1	4
5	sub-ADIE141	baseline	0	398.27069	426.507738	1	1	2	1	1	1	1	1	1	1	4	1	1
0	sub-ADIE143	1yf	1	63.118498	116.656899	1	1	2	1	3	1	2	1	2	1	1	1	1
1	sub-ADIE143	1yf	1	147.886508	198.459459	1	1	3	1	4	1	2	1	1	1	1	1	1
2	sub-ADIE143	1yf	0	257.961545	300.108408	3	2	3	2	4	1	3	1	1	1	1	3	4
3	sub-ADIE143	1yf	0	317.293169	351.96857700000004	1	3	3	1	4	1	3	1	1	1	1	2	4
4	sub-ADIE143	1yf	0	380.562566	417.856311	3	3	3	2	4	1	3	1	1	1	1	2	4
5	sub-ADIE143	1yf	0	445.649286	488.848171	4	3	3	1	4	1	3	1	1	1	1	2	4
0	sub-ADIE143	3mf	0	15.926222	73.503709	4	3	3	2	4	1	3	1	1	1	1	2	4
1	sub-ADIE143	3mf	0	85.452774	138.173874	1	3	3	1	4	1	4	1	1	1	1	3	4
2	sub-ADIE143	3mf	0	195.158909	240.90784100000002	4	4	3	1	4	1	4	2	1	1	1	4	3
3	sub-ADIE143	3mf	1	300.193924	351.56487599999997	4	4	3	1	4	1	4	2	1	1	1	3	4
4	sub-ADIE143	3mf	1	360.526315	399.537734	4	4	3	1	4	1	4	1	1	1	1	3	4
5	sub-ADIE143	3mf	1	481.476875	512.59804	4	4	3	1	4	1	4	1	1	1	1	3	4
0	sub-ADIE143	baseline	0	80.379895	146.64843000000002	4	4	3	1	4	1	1	1	1	1	1	1	4
1	sub-ADIE143	baseline	0	155.709609	209.850697	4	4	4	1	4	1	4	1	1	1	1	3	4
2	sub-ADIE143	baseline	1	255.692685	304.57991	4	4	4	3	4	1	3	1	1	1	1	3	4
3	sub-ADIE143	baseline	1	344.432145	390.033702	4	4	4	1	4	1	3	1	1	1	1	3	4
4	sub-ADIE143	baseline	1	398.194794	443.762633	4	4	4	1	4	3	4	1	1	1	1	3	4
5	sub-ADIE143	baseline	1	459.510958	508.131587	4	4	4	1	4	3	4	1	1	2	1	3	4
0	sub-ADIE144	baseline	1	17.069521	70.727048	3	1	3	2	4	4	1	2	1	1	4	4	3
1	sub-ADIE144	baseline	1	171.612216	212.709858	2	2	3	3	3	4	3	1	3	3	3	2	3
2	sub-ADIE144	baseline	0	272.098854	302.016307	4	2	2	2	3	3	3	2	3	3	4	2	3
3	sub-ADIE144	baseline	0	318.355581	348.537752	2	1	1	2	2	3	3	1	1	3	4	1	4
4	sub-ADIE144	baseline	0	373.596433	410.105006	2	2	1	2	3	3	3	2	3	3	2	1	1
5	sub-ADIE144	baseline	0	419.771927	453.123647	2	1	1	1	1	4	3	1	1	2	2	1	4
0	sub-ADIE145	3mf	0	9.304108	69.23473399999999	2	3	3	1	2	1	2	4	1	1	4	3	1
1	sub-ADIE145	3mf	0	132.097423	190.984932	4	4	4	4	4	2	1	1	1	1	4	3	2
2	sub-ADIE145	3mf	0	199.795916	256.53907599999997	4	2	2	2	3	2	4	4	1	3	4	2	1
3	sub-ADIE145	3mf	1	365.117893	441.35843900000003	4	4	4	4	4	2	1	4	1	1	4	3	2
4	sub-ADIE145	3mf	1	453.807613	545.361215	4	2	3	2	3	4	1	2	1	4	3	4	1
5	sub-ADIE145	3mf	1	561.49984	607.145561	4	4	4	3	4	1	4	4	2	1	4	1	3
0	sub-ADIE145	baseline	0	28.468459	115.58655800000001	2	3	4	3	4	2	4	4	3	2	3	3	3
1	sub-ADIE145	baseline	0	125.153694	203.542759	1	3	4	1	3	1	3	4	1	1	3	2	2
2	sub-ADIE145	baseline	0	231.48742	362.89858899999996	2	3	4	4	4	3	4	4	1	4	4	3	3
3	sub-ADIE145	baseline	1	434.721169	502.98899	1	3	1	3	3	2	2	2	2	1	3	2	2
4	sub-ADIE145	baseline	1	533.833799	596.1830669999999	1	1	1	2	1	4	3	1	1	1	1	1	3
5	sub-ADIE145	baseline	1	631.817026	691.077922	3	4	4	3	4	1	3	1	2	3	4	4	3
0	sub-ADIE147	baseline	0	8.761886	82.75434200000001	4	4	4	1	4	1	1	1	1	1	4	1	1
1	sub-ADIE147	baseline	0	120.05568	170.393476	4	4	4	3	3	1	1	4	1	1	3	3	1
2	sub-ADIE147	baseline	0	217.885247	272.81162099999995	1	4	4	2	4	1	1	3	1	1	4	1	4
3	sub-ADIE147	baseline	1	311.764523	352.444274	4	4	4	4	4	3	1	3	1	2	4	4	4
4	sub-ADIE147	baseline	1	385.080363	418.86537500000003	4	4	4	4	4	3	1	3	1	1	4	4	4
5	sub-ADIE147	baseline	1	501.054716	541.8506020000001	4	4	4	4	4	3	1	3	1	1	4	4	4
0	sub-ADIE147	3mf	0	36.393169	80.54202000000001	4	4	4	4	4	1	1	4	1	1	4	4	4
1	sub-ADIE147	3mf	0	104.968986	136.205241	4	4	4	4	4	1	1	4	1	1	4	4	4
2	sub-ADIE147	3mf	0	152.036034	177.839263	4	4	4	4	4	1	1	4	1	1	4	4	4
3	sub-ADIE147	3mf	1	286.108373	312.350545	4	4	4	4	4	1	1	4	1	1	4	4	4
4	sub-ADIE147	3mf	1	347.968776	373.818681	4	4	4	4	4	1	1	4	1	1	4	4	4
5	sub-ADIE147	3mf	1	395.87383	417.037201	4	4	4	4	4	1	1	4	1	1	4	4	4
0	sub-ADIE148	3mf	1	12.326836	99.092152	4	4	1	1	4	1	4	1	1	1	1	1	1
1	sub-ADIE148	3mf	1	141.470265	179.474976	4	1	4	1	4	1	1	4	1	1	1	1	1
2	sub-ADIE148	3mf	0	262.220876	335.186627	2	4	1	2	2	4	4	3	4	1	3	4	3
3	sub-ADIE148	3mf	0	375.692253	439.606859	2	4	1	3	2	4	4	1	4	2	4	2	2
4	sub-ADIE148	3mf	0	455.089201	504.442989	2	4	1	1	2	4	4	1	4	1	4	2	4
5	sub-ADIE148	3mf	0	551.987605	598.537849	2	3	1	1	1	4	4	4	4	1	4	1	4
0	sub-ADIE148	baseline	1	27.386466	157.357972	1	2	2	1	4	1	1	1	1	1	1	1	4
1	sub-ADIE148	baseline	1	166.518297	301.227368	2	2	3	1	4	1	2	1	1	1	2	1	3
2	sub-ADIE148	baseline	1	332.629076	417.006735	3	2	3	1	1	1	1	3	1	1	1	1	2
3	sub-ADIE148	baseline	1	426.267672	489.51694399999997	3	3	3	1	1	1	1	3	1	1	2	1	1
4	sub-ADIE148	baseline	0	620.087868	689.183044	4	3	3	2	2	1	1	4	1	1	1	1	1
5	sub-ADIE148	baseline	0	721.179583	835.104304	4	3	2	1	1	1	1	1	1	1	3	1	3
0	sub-ADIE149	baseline	0	42.347055	93.969717	3	3	3	2	4	2	4	2	1	1	1	1	1
1	sub-ADIE149	baseline	0	130.454793	169.916274	2	2	3	2	3	3	4	1	1	1	1	1	1
2	sub-ADIE149	baseline	0	197.308127	230.06562499999998	3	3	3	2	2	3	3	1	1	1	1	1	1
3	sub-ADIE149	baseline	1	249.469694	283.942672	2	3	2	2	4	2	3	1	1	3	1	2	1
4	sub-ADIE149	baseline	1	335.756146	368.29549099999997	4	3	2	2	3	2	3	3	1	3	1	1	1
5	sub-ADIE149	baseline	1	431.869213	477.90312500000005	4	2	2	2	2	3	1	3	3	3	1	2	1
0	sub-ADIE150	baseline	1	28.702539	79.775825	4	3	3	2	4	1	3	2	1	1	1	3	2
1	sub-ADIE150	baseline	1	108.502493	138.55657	4	4	3	2	4	1	3	3	1	1	1	2	3
2	sub-ADIE150	baseline	0	210.051698	254.63560800000002	2	3	3	1	3	2	3	3	1	1	1	3	2
3	sub-ADIE150	baseline	0	284.581477	326.761346	2	3	3	1	2	2	3	2	1	2	1	3	3
4	sub-ADIE150	baseline	0	358.891247	400.688699	2	2	3	1	2	1	2	2	2	1	1	2	2
5	sub-ADIE150	baseline	0	443.326197	474.08171200000004	3	3	3	3	2	1	2	3	1	2	1	2	2
0	sub-ADIE151	3mf	1	88.43301	233.546475	4	4	3	1	3	1	3	1	2	3	1	4	4
1	sub-ADIE151	3mf	1	245.783537	304.227508	4	4	3	1	4	1	4	2	1	4	1	4	3
2	sub-ADIE151	3mf	0	375.574527	445.512704	1	1	4	1	2	3	4	4	2	1	1	2	1
3	sub-ADIE151	3mf	0	461.362007	516.956204	1	1	2	1	1	1	1	3	1	1	1	1	2
4	sub-ADIE151	3mf	0	552.55117	611.01463	3	3	2	4	1	4	4	2	4	1	4	4	4
5	sub-ADIE151	3mf	0	619.565765	670.483659	1	4	3	3	1	4	4	3	4	2	4	4	2
0	sub-ADIE151	baseline	0	68.601212	142.908655	2	4	1	3	4	1	3	1	1	4	4	2	3
1	sub-ADIE151	baseline	0	184.179434	272.115645	4	4	1	4	4	4	3	1	1	4	4	4	3
2	sub-ADIE151	baseline	1	298.323679	345.30904699999996	4	4	3	1	4	4	1	4	1	1	1	4	2
3	sub-ADIE151	baseline	1	394.387867	445.857971	4	4	3	1	4	4	1	4	1	2	1	4	2
4	sub-ADIE151	baseline	1	473.53559	517.300736	4	4	3	2	4	4	4	3	1	2	1	4	3
5	sub-ADIE151	baseline	1	552.26775	613.162457	2	2	2	4	2	3	2	2	1	3	3	2	3
0	sub-ADIE152	baseline	1	63.684396	149.283582	1	1	1	2	1	2	3	2	3	2	3	1	3
1	sub-ADIE152	baseline	1	158.044081	235.20423300000002	2	2	1	2	3	2	3	2	3	3	3	2	2
2	sub-ADIE152	baseline	0	289.188603	324.660626	3	3	3	3	3	3	3	1	3	2	3	3	3
3	sub-ADIE152	baseline	0	351.870835	399.30550900000003	4	3	3	3	3	3	4	1	3	3	3	4	2
4	sub-ADIE152	baseline	0	448.023021	495.734964	2	3	2	3	3	3	3	2	3	3	3	3	1
5	sub-ADIE152	baseline	0	529.651454	570.08017	3	3	3	3	4	3	3	2	2	3	3	3	2
0	sub-ADIE157	3mf	0	95.319323	161.00377699999999	2	2	3	1	3	1	2	4	1	1	1	2	3
1	sub-ADIE157	3mf	1	203.208036	248.075355	2	2	4	1	4	1	2	3	1	1	1	2	3
2	sub-ADIE157	3mf	1	276.287486	315.530777	2	3	3	1	4	1	2	2	1	1	1	2	3
3	sub-ADIE157	3mf	1	368.645819	406.589023	3	3	4	1	4	1	2	2	1	1	1	2	3
4	sub-ADIE157	3mf	1	419.288648	455.629348	3	3	4	1	4	1	2	2	1	1	1	2	3
5	sub-ADIE157	3mf	1	471.962636	507.63881200000003	3	3	4	1	4	1	1	3	1	1	1	1	3
0	sub-ADIE157	baseline	1	16.374412	103.790111	1	1	3	2	4	1	3	3	1	1	1	1	2
1	sub-ADIE157	baseline	1	119.138772	166.958458	1	1	3	1	4	1	1	3	1	1	1	1	3
2	sub-ADIE157	baseline	1	196.770198	239.868169	1	2	3	1	3	1	1	3	1	1	1	1	3
3	sub-ADIE157	baseline	1	262.707086	308.85817499999996	1	2	3	1	4	1	1	2	1	1	1	1	3
4	sub-ADIE157	baseline	1	318.26855	360.417129	1	2	3	1	4	1	1	3	1	1	1	1	3
5	sub-ADIE157	baseline	0	407.659163	445.320161	1	2	3	1	4	1	1	2	1	1	1	1	3
0	sub-ADIE159	3mf	0	16.275248	82.12420499999999	4	4	4	2	4	1	2	1	1	1	1	2	4
1	sub-ADIE159	3mf	0	148.699952	193.22649800000002	4	4	4	3	4	1	2	1	1	1	2	2	4
2	sub-ADIE159	3mf	0	225.680537	265.220801	4	4	4	3	4	1	2	1	1	1	2	2	4
3	sub-ADIE159	3mf	1	315.006815	346.65013899999997	4	4	4	3	4	1	2	1	1	1	2	2	4
4	sub-ADIE159	3mf	1	362.53014	400.652019	4	4	4	3	4	1	2	1	1	1	2	2	4
5	sub-ADIE159	3mf	1	445.823296	473.39513900000003	4	3	4	3	4	1	3	1	1	1	2	2	4
0	sub-ADIE159	baseline	1	88.410835	172.810561	3	3	4	3	3	1	3	1	1	2	4	1	4
1	sub-ADIE159	baseline	0	216.473971	271.809588	4	4	4	3	4	1	1	1	1	1	4	1	4
2	sub-ADIE159	baseline	0	279.926516	331.30830100000003	4	3	4	3	4	1	3	1	1	1	4	1	4
3	sub-ADIE159	baseline	0	379.435513	420.4325	4	4	4	3	4	1	3	1	1	1	4	1	4
4	sub-ADIE159	baseline	0	432.231017	472.976048	3	4	4	3	4	1	3	1	1	1	4	1	4
5	sub-ADIE159	baseline	0	508.577345	555.961406	3	3	3	3	4	1	3	1	1	1	4	1	4
0	sub-ADIE166	3mf	1	72.866715	134.54660299999998	4	4	2	2	3	1	4	4	2	1	2	4	2
1	sub-ADIE166	3mf	0	208.027028	256.613273	4	4	3	4	4	1	4	4	1	2	1	4	2
2	sub-ADIE166	3mf	0	269.447104	322.650984	4	4	3	4	3	1	4	4	1	1	1	3	2
3	sub-ADIE166	3mf	0	347.780472	385.970197	4	4	2	4	3	1	4	4	1	1	1	4	2
4	sub-ADIE166	3mf	0	409.982991	453.225467	3	4	2	4	4	1	4	4	2	1	1	3	2
5	sub-ADIE166	3mf	0	485.938179	520.864397	4	4	2	4	3	1	3	4	2	1	2	4	2
0	sub-ADIE166	baseline	0	8.550562	78.94094199999999	3	3	2	3	4	3	3	4	1	1	2	4	3
1	sub-ADIE166	baseline	0	106.483561	169.41592	3	4	2	2	3	3	4	3	1	2	1	3	3
2	sub-ADIE166	baseline	0	202.262551	244.69503	4	4	2	3	4	2	4	3	1	3	1	4	2
3	sub-ADIE166	baseline	1	330.121035	365.512181	4	4	2	3	4	2	2	3	1	3	1	4	3
4	sub-ADIE166	baseline	1	394.55578	433.902281	4	4	2	3	4	1	4	4	1	3	1	4	3
5	sub-ADIE166	baseline	1	474.923216	500.374216	4	4	2	3	4	2	3	3	1	3	1	4	3
0	sub-ADIE169	baseline	0	41.266121	95.256474	4	1	4	1	4	1	2	4	1	1	1	4	3
1	sub-ADIE169	baseline	0	170.039605	230.752241	3	3	3	2	3	2	2	1	2	1	2	4	4
2	sub-ADIE169	baseline	1	254.766951	300.109199	4	4	2	3	4	1	1	1	1	1	1	4	4
3	sub-ADIE169	baseline	1	347.291971	398.39135999999996	3	3	2	2	2	1	3	2	1	1	1	4	4
4	sub-ADIE169	baseline	1	406.551749	445.04684	4	4	2	2	3	1	3	2	1	1	1	4	4
5	sub-ADIE169	baseline	1	475.075144	517.924031	4	4	2	3	3	1	3	2	2	1	1	4	4
0	sub-ADIE176	baseline	0	58.387896	107.357452	4	4	4	4	3	4	4	4	4	4	4	4	4
1	sub-ADIE176	baseline	0	118.956621	163.170871	4	4	4	4	4	1	4	4	1	4	4	4	4
2	sub-ADIE176	baseline	0	175.686145	212.761382	4	4	4	4	4	1	4	4	1	1	4	4	4
3	sub-ADIE176	baseline	1	301.673087	338.91477100000003	4	4	4	4	4	1	4	4	1	4	4	4	1
4	sub-ADIE176	baseline	1	354.731631	379.14844100000005	4	4	4	4	4	4	1	4	1	4	4	4	1
5	sub-ADIE176	baseline	1	434.246362	468.68902	4	4	4	4	4	1	4	4	1	1	4	4	1
0	sub-ADIE177	baseline	0	17.140099	60.757915999999994	3	3	3	3	3	3	2	3	1	3	1	2	1
1	sub-ADIE177	baseline	0	86.117092	118.68933	3	3	2	4	3	3	3	3	1	2	1	2	1
2	sub-ADIE177	baseline	0	131.98861	163.860122	3	3	2	3	3	3	3	3	1	3	1	2	2
3	sub-ADIE177	baseline	0	194.505817	225.42726000000002	4	3	2	3	3	3	3	3	1	3	1	2	2
4	sub-ADIE177	baseline	1	310.485405	336.987555	3	3	2	4	3	3	3	3	1	3	1	2	3
5	sub-ADIE177	baseline	1	349.443244	377.454539	3	3	3	4	3	3	3	3	1	3	1	2	3
0	sub-ADIE178	baseline	0	13.570732	140.451063	4	2	3	1	4	1	1	1	1	1	1	1	1
1	sub-ADIE178	baseline	0	191.174996	259.979574	4	3	2	1	2	1	1	1	1	1	3	1	4
2	sub-ADIE178	baseline	0	275.786015	338.954918	2	3	2	1	1	1	3	1	1	3	4	1	3
3	sub-ADIE178	baseline	0	375.546506	436.21264099999996	3	2	2	1	2	1	2	1	1	2	4	1	3
4	sub-ADIE178	baseline	1	477.239262	546.114283	4	3	3	1	4	3	1	4	1	1	1	1	2
5	sub-ADIE178	baseline	1	629.427526	684.785296	4	4	3	1	3	4	1	2	1	1	1	1	2
0	sub-ADIE178	3mf	0	47.029481	114.912533	3	3	3	3	4	2	1	3	1	2	1	2	2
1	sub-ADIE178	3mf	0	175.107589	229.42368000000002	4	2	4	3	4	3	2	3	1	2	1	2	1
2	sub-ADIE178	3mf	1	292.319552	340.080569	4	4	3	3	4	3	2	3	1	2	1	1	3
3	sub-ADIE178	3mf	1	370.543089	419.246133	4	4	4	4	4	2	3	4	1	2	1	1	2
4	sub-ADIE178	3mf	1	435.486078	481.17976699999997	4	4	4	3	3	2	2	4	1	2	1	2	1
5	sub-ADIE178	3mf	1	506.389126	541.781225	4	4	4	4	4	2	2	4	1	2	1	1	1
0	sub-ADIE179	3mf	1	60.805493	111.609685	1	2	4	4	4	1	2	4	1	1	1	4	1
1	sub-ADIE179	3mf	1	147.24396	176.346592	4	3	4	2	4	1	2	4	1	1	1	4	1
2	sub-ADIE179	3mf	0	214.717668	249.85732199999998	4	2	4	2	4	1	2	4	1	1	1	3	1
3	sub-ADIE179	3mf	0	266.173711	297.329829	1	3	4	1	4	1	2	4	1	1	1	4	1
4	sub-ADIE179	3mf	0	360.66931	387.504652	1	1	4	1	4	1	1	4	1	1	1	1	1
5	sub-ADIE179	3mf	0	411.913717	433.925812	1	1	4	1	4	1	1	4	1	1	1	1	1
0	sub-ADIE179	baseline	0	91.031501	165.190612	1	3	4	3	4	1	1	3	1	1	1	1	1
1	sub-ADIE179	baseline	1	200.841541	246.55724099999998	1	1	4	1	4	1	1	4	1	1	1	1	1
2	sub-ADIE179	baseline	1	258.512189	311.994636	1	1	4	1	4	1	1	1	1	1	1	1	1
3	sub-ADIE179	baseline	1	386.878088	433.328917	4	1	4	4	4	1	1	4	1	1	1	1	1
4	sub-ADIE179	baseline	1	449.012118	513.962316	4	4	4	4	4	4	4	4	1	4	4	1	1
5	sub-ADIE179	baseline	1	521.972028	557.114466	4	4	4	4	4	4	4	4	1	4	4	4	1
0	sub-ADIE180	3mf	1	53.841731	127.24843800000001	1	1	3	1	4	1	1	1	1	2	1	1	1
1	sub-ADIE180	3mf	1	139.047163	169.41693500000002	1	1	1	1	4	1	1	1	1	1	1	1	1
2	sub-ADIE180	3mf	1	206.201464	222.344002	1	1	1	1	4	1	1	1	1	1	1	1	1
3	sub-ADIE180	3mf	0	291.604876	307.94783700000005	1	1	1	1	3	1	1	1	1	1	1	1	1
4	sub-ADIE180	3mf	0	329.485616	342.05873199999996	1	1	1	1	4	1	1	1	1	1	1	1	1
5	sub-ADIE180	3mf	0	357.541624	370.432733	1	1	1	1	4	1	1	1	1	1	1	1	1
0	sub-ADIE180	baseline	0	34.241249	128.732981	1	1	4	1	4	1	1	1	1	4	1	1	1
1	sub-ADIE180	baseline	0	144.616132	194.753826	1	1	3	1	4	1	1	1	1	1	1	1	1
2	sub-ADIE180	baseline	0	252.854689	306.411562	1	1	3	1	4	1	1	1	1	1	1	1	1
3	sub-ADIE180	baseline	1	350.252376	386.944996	3	1	1	1	4	1	1	1	1	1	1	1	1
4	sub-ADIE180	baseline	1	442.349569	483.274148	2	1	3	1	4	1	1	1	1	1	1	1	1
5	sub-ADIE180	baseline	1	517.506317	571.479313	2	1	2	1	4	1	1	1	1	1	1	1	1
0	sub-ADIE184	3mf	0	31.757054	75.172965	2	2	3	1	4	1	1	2	1	1	1	2	1
1	sub-ADIE184	3mf	0	124.432557	156.25663400000002	2	1	3	1	4	1	1	2	1	1	1	2	2
2	sub-ADIE184	3mf	1	203.939965	239.64165699999998	3	3	3	1	4	1	1	2	1	1	1	3	3
3	sub-ADIE184	3mf	1	282.646487	313.302279	3	3	3	1	4	2	1	2	1	1	1	3	3
4	sub-ADIE184	3mf	1	325.456904	359.256226	3	3	3	1	4	2	1	2	1	1	1	3	3
5	sub-ADIE184	3mf	1	406.401459	437.221083	3	3	3	1	4	2	1	2	1	1	1	3	2
0	sub-ADIE184	baseline	0	36.628956	107.28252499999999	1	2	3	3	2	1	3	2	1	2	3	2	2
1	sub-ADIE184	baseline	1	229.854222	275.288062	4	4	3	1	3	1	1	2	1	1	1	3	4
2	sub-ADIE184	baseline	1	284.098233	319.24109	4	4	3	1	4	1	2	1	1	1	1	3	3
3	sub-ADIE184	baseline	1	331.991043	365.345827	4	4	3	1	4	1	3	1	1	1	1	3	3
4	sub-ADIE184	baseline	1	401.014206	432.284613	4	4	3	1	4	1	3	2	1	1	1	3	3
5	sub-ADIE184	baseline	1	449.418555	483.14334699999995	4	4	3	1	4	1	3	2	1	1	1	3	2
0	sub-ADIE185	3mf	0	36.337397	102.959055	4	1	3	1	4	1	1	1	1	1	1	2	4
1	sub-ADIE185	3mf	0	119.714684	173.649764	4	1	3	1	4	1	1	1	1	1	2	2	4
2	sub-ADIE185	3mf	1	255.114882	301.035552	2	2	3	1	3	1	1	1	1	1	3	1	2
3	sub-ADIE185	3mf	1	334.12122	369.468578	4	1	3	1	4	1	1	1	1	1	2	2	4
4	sub-ADIE185	3mf	1	398.840081	428.516134	4	1	2	1	4	1	1	1	1	1	2	2	3
5	sub-ADIE185	3mf	1	478.698092	513.586082	4	2	3	1	4	1	1	1	1	1	2	2	4
0	sub-ADIE185	baseline	0	31.756874	82.178571	4	3	3	1	4	1	1	1	1	1	1	1	4
1	sub-ADIE185	baseline	0	110.722517	149.419182	4	4	3	1	4	1	2	2	1	1	1	3	4
2	sub-ADIE185	baseline	0	199.379015	233.40431	2	1	3	1	3	1	2	2	1	1	1	4	3
3	sub-ADIE185	baseline	1	334.193213	377.457276	2	2	3	2	3	3	3	3	3	1	2	4	3
4	sub-ADIE185	baseline	1	385.967315	430.05096299999997	2	2	3	2	3	3	3	2	2	1	2	2	3
5	sub-ADIE185	baseline	1	442.701749	471.802326	4	4	3	1	4	1	2	3	1	1	1	4	4
0	sub-ADIE190	3mf	0	100.528711	156.488522	1	1	2	1	3	1	1	4	1	1	1	1	1
1	sub-ADIE190	3mf	1	202.632547	251.717384	1	1	2	1	4	1	4	4	1	1	1	1	1
2	sub-ADIE190	3mf	1	264.516558	298.572998	1	1	2	1	4	1	4	1	1	1	1	1	1
3	sub-ADIE190	3mf	1	315.824446	372.100671	1	1	2	1	4	1	4	1	1	4	1	3	3
4	sub-ADIE190	3mf	1	429.134315	477.221253	1	4	2	1	4	1	1	1	1	1	1	1	1
5	sub-ADIE190	3mf	1	485.780204	522.5589170000001	1	1	2	1	4	1	1	1	1	1	1	1	1
0	sub-ADIE190	baseline	0	37.610833	133.238017	1	1	3	1	2	2	2	4	1	1	1	3	1
1	sub-ADIE190	baseline	0	146.537098	213.954715	1	3	3	1	4	2	2	4	1	3	1	2	1
2	sub-ADIE190	baseline	0	229.543411	291.986007	1	3	3	1	3	2	3	3	1	3	1	3	1
3	sub-ADIE190	baseline	1	397.144732	457.97344	1	3	3	1	3	2	3	4	1	2	1	3	1
4	sub-ADIE190	baseline	1	506.400052	580.726305	2	4	3	1	3	2	3	4	1	3	1	3	3
5	sub-ADIE190	baseline	1	610.352651	687.6970610000001	2	3	3	1	3	1	3	3	1	1	1	3	2
0	sub-ADIE199	baseline	1	111.534705	267.393198	4	1	3	1	2	1	3	1	1	2	1	1	2
1	sub-ADIE199	baseline	0	330.54949	415.866165	1	1	3	2	3	1	3	1	1	1	1	1	1
2	sub-ADIE199	baseline	0	427.362636	493.213165	1	1	2	1	1	1	3	1	1	1	1	1	1
3	sub-ADIE199	baseline	0	522.73	591.0282609999999	1	2	3	1	2	1	3	1	1	1	1	1	2
4	sub-ADIE199	baseline	0	606.861685	656.165727	1	1	3	1	1	1	3	1	1	1	1	1	1
5	sub-ADIE199	baseline	0	664.82623	734.5474919999999	1	2	2	1	2	3	2	1	1	2	1	1	2
0	sub-ADIE203	3mf	0	15.325489	65.931021	1	2	2	2	4	1	3	1	1	4	4	3	3
1	sub-ADIE203	3mf	1	214.056188	250.115971	4	4	4	4	4	1	1	1	1	1	4	4	4
2	sub-ADIE203	3mf	1	267.050269	299.92362099999997	4	4	4	4	4	1	4	1	1	1	4	4	4
3	sub-ADIE203	3mf	1	312.025522	342.64197800000005	4	4	4	1	4	1	1	1	1	1	4	4	4
4	sub-ADIE203	3mf	1	350.757515	381.590699	4	4	4	1	4	1	1	1	1	1	4	4	4
5	sub-ADIE203	3mf	1	392.936248	425.776959	4	4	4	1	4	1	1	1	1	1	4	4	4
0	sub-ADIE203	baseline	0	75.908462	151.48381999999998	1	2	1	4	3	2	3	1	1	1	1	1	4
1	sub-ADIE203	baseline	0	176.376602	240.974054	1	4	4	4	3	3	3	2	1	3	4	1	4
2	sub-ADIE203	baseline	1	322.661669	392.96576899999997	1	1	1	1	3	1	3	1	1	3	4	1	4
3	sub-ADIE203	baseline	1	401.425572	471.463797	4	4	3	1	4	4	1	1	1	1	1	3	4
4	sub-ADIE203	baseline	1	503.181957	572.829912	4	3	3	4	4	2	4	1	1	1	4	4	4
5	sub-ADIE203	baseline	1	588.163151	650.994287	4	4	3	3	4	1	4	1	1	1	4	1	4
0	sub-ADIE211	3mf	0	29.320698	98.526083	1	2	2	1	3	1	1	1	1	1	1	2	4
1	sub-ADIE211	3mf	0	169.1381	205.181331	1	1	1	1	4	1	1	1	1	1	1	1	1
2	sub-ADIE211	3mf	1	270.60552	322.045281	1	4	1	1	3	1	1	2	1	1	1	1	2
3	sub-ADIE211	3mf	1	338.630698	388.967815	4	4	2	1	4	1	1	3	1	1	1	1	1
4	sub-ADIE211	3mf	1	414.243128	464.130399	1	4	3	1	3	3	1	3	3	1	3	3	2
5	sub-ADIE211	3mf	1	486.001894	529.785157	1	4	3	1	3	3	1	3	3	1	3	4	2
0	sub-ADIE211	baseline	1	30.105822	79.426839	4	3	3	1	4	1	1	3	1	1	1	1	1
1	sub-ADIE211	baseline	1	88.00335	128.750769	4	4	2	1	4	1	1	1	1	1	1	1	1
2	sub-ADIE211	baseline	1	158.417686	192.85359699999998	4	1	2	1	4	1	1	1	1	1	1	1	1
3	sub-ADIE211	baseline	1	209.037068	249.900796	4	1	2	1	4	1	1	1	1	1	1	1	1
4	sub-ADIE211	baseline	0	326.45285	361.40959	4	1	2	1	3	1	1	1	1	1	1	1	1
5	sub-ADIE211	baseline	0	397.612034	431.467007	3	1	2	1	3	1	1	1	1	1	1	1	1
0	sub-ADIE212	baseline	1	16.277056	95.924573	2	3	1	4	2	3	3	4	2	4	3	3	2
1	sub-ADIE212	baseline	1	104.934691	148.134569	4	4	2	4	4	4	4	4	1	4	4	3	3
2	sub-ADIE212	baseline	1	160.583709	220.160656	3	4	2	4	3	4	3	4	1	4	4	3	3
3	sub-ADIE212	baseline	1	236.427855	267.300537	3	4	2	4	4	4	4	4	1	4	4	3	3
4	sub-ADIE212	baseline	1	296.74469	333.421677	2	3	2	4	3	4	4	4	1	4	4	3	3
5	sub-ADIE212	baseline	1	348.461015	376.441427	4	4	3	4	4	4	4	4	1	4	4	4	4
0	sub-ADIE214	baseline	1	11.82682	74.80711099999999	3	4	3	3	4	3	2	2	1	1	4	2	3
1	sub-ADIE214	baseline	1	112.747347	162.763528	1	4	4	3	3	2	3	2	1	1	3	3	2
2	sub-ADIE214	baseline	1	209.055913	255.156606	1	3	2	3	3	1	2	1	1	1	4	2	2
3	sub-ADIE214	baseline	0	314.296188	354.65680899999995	3	3	2	3	4	2	2	2	1	2	4	2	2
4	sub-ADIE214	baseline	0	381.582252	427.767809	3	4	2	2	2	1	3	3	1	2	4	2	1
5	sub-ADIE214	baseline	0	462.968496	506.817008	1	3	4	3	2	3	3	3	1	2	4	3	2
0	sub-ADIE222	3mf	1	11.442096	56.641478	2	3	3	1	3	1	1	3	1	1	1	3	3
1	sub-ADIE222	3mf	1	144.283024	184.280175	3	2	3	1	3	1	2	2	1	1	1	3	2
2	sub-ADIE222	3mf	0	256.259694	288.933358	3	2	3	2	3	1	2	1	1	1	1	3	2
3	sub-ADIE222	3mf	0	344.402528	375.97147900000004	3	3	3	2	3	1	2	2	1	1	1	3	2
4	sub-ADIE222	3mf	0	385.282182	414.320428	3	3	3	2	3	1	2	2	1	1	1	3	2
5	sub-ADIE222	3mf	0	423.381003	451.90137000000004	3	3	3	3	3	1	2	2	1	1	1	3	2
0	sub-ADIE222	baseline	1	75.092764	134.804543	3	3	3	3	4	1	1	4	1	1	1	4	3
1	sub-ADIE222	baseline	1	146.352336	188.298769	3	3	3	3	3	1	3	3	1	1	1	3	3
2	sub-ADIE222	baseline	1	204.281276	236.588677	3	3	3	1	4	1	1	4	1	1	1	3	3
3	sub-ADIE222	baseline	0	259.177961	294.703563	3	1	3	1	4	1	3	3	1	1	1	3	1
4	sub-ADIE222	baseline	0	376.92612	404.177621	3	1	3	1	4	1	3	3	1	1	1	3	1
5	sub-ADIE222	baseline	0	419.658893	454.052194	3	3	1	1	4	1	3	3	1	1	1	3	1
0	sub-ADIE224	baseline	1	37.328165	104.296402	1	4	4	1	4	1	1	1	1	1	1	4	1
1	sub-ADIE224	baseline	1	113.70693	164.56194699999998	1	1	4	1	4	1	4	4	1	1	1	1	1
2	sub-ADIE224	baseline	1	233.655807	280.107446	4	1	1	1	4	1	4	4	1	1	1	4	1
3	sub-ADIE224	baseline	0	299.466847	356.236728	1	1	4	1	4	1	4	4	1	1	1	4	1
4	sub-ADIE224	baseline	0	406.19946	448.82903600000003	1	1	4	1	4	1	1	4	1	1	1	1	1
5	sub-ADIE224	baseline	0	490.167058	538.2194059999999	1	1	4	1	4	1	4	4	4	1	1	1	1
0	sub-ADIE225	baseline	0	9.224662	113.38347999999999	4	1	4	1	1	2	2	2	2	1	3	1	1
1	sub-ADIE225	baseline	0	140.32751	227.254109	1	1	1	2	1	1	4	2	3	1	2	1	1
2	sub-ADIE225	baseline	0	267.765071	362.598232	2	2	1	1	1	1	4	1	4	2	2	1	1
3	sub-ADIE225	baseline	0	372.136382	458.551676	3	3	3	1	1	1	1	1	1	4	1	1	1
4	sub-ADIE225	baseline	1	516.491228	596.154264	4	4	3	2	4	1	2	3	3	1	1	3	1
5	sub-ADIE225	baseline	1	605.198441	705.8548159999999	4	3	4	2	4	1	3	1	1	2	4	4	1
0	sub-ADIE227	baseline	1	65.917291	115.389049	4	3	4	3	4	1	2	3	1	1	3	3	1
1	sub-ADIE227	baseline	1	159.911778	207.080793	4	4	3	3	4	1	3	4	1	1	1	2	1
2	sub-ADIE227	baseline	0	275.172788	318.85567499999996	4	3	3	3	4	1	1	1	1	1	1	3	3
3	sub-ADIE227	baseline	0	327.11549	365.827013	3	3	3	2	4	1	1	1	1	1	1	3	2
4	sub-ADIE227	baseline	0	380.899506	422.123795	4	4	4	3	4	1	3	2	1	1	1	1	1
5	sub-ADIE227	baseline	0	454.069082	495.21714399999996	4	4	4	4	4	1	1	1	1	1	1	2	2
0	sub-ADIE234	baseline	1	15.739082	73.86856999999999	3	2	1	1	3	2	2	2	1	1	3	1	1
1	sub-ADIE234	baseline	1	90.268244	138.238073	3	3	2	1	4	1	2	4	1	1	1	3	3
2	sub-ADIE234	baseline	1	164.599264	212.41509000000002	3	4	3	1	4	1	2	4	1	2	2	2	2
3	sub-ADIE234	baseline	1	242.009622	295.3673	3	3	1	2	4	4	3	3	1	2	1	2	3
4	sub-ADIE234	baseline	0	342.461515	393.264603	2	3	1	1	4	3	2	4	1	2	1	1	3
5	sub-ADIE234	baseline	0	420.051872	463.055408	2	1	1	1	1	2	1	1	1	2	1	1	2
0	sub-ADIE235	3mf	0	48.930492	118.767179	2	2	3	3	3	1	4	2	1	1	1	3	1
1	sub-ADIE235	3mf	0	127.428004	179.316778	1	3	3	3	4	1	3	3	1	1	1	4	3
2	sub-ADIE235	3mf	0	215.867879	267.572505	2	4	3	4	4	1	4	3	1	2	4	3	3
3	sub-ADIE235	3mf	1	330.697916	373.726432	2	3	3	3	4	2	3	3	1	2	1	4	3
4	sub-ADIE235	3mf	1	417.34993	464.817911	2	3	3	3	4	2	3	3	1	2	1	3	3
5	sub-ADIE235	3mf	1	500.635796	538.961607	2	3	3	3	3	2	3	3	1	3	1	3	3
0	sub-ADIE235	baseline	0	29.335625	129.666239	3	1	3	2	4	1	3	3	1	2	1	3	1
1	sub-ADIE235	baseline	0	145.666387	213.00143500000001	3	4	3	2	4	3	3	4	1	2	1	3	1
2	sub-ADIE235	baseline	0	228.551846	304.110867	3	3	3	2	3	2	3	4	1	2	1	3	2
3	sub-ADIE235	baseline	0	332.287935	403.093066	3	3	3	3	3	1	3	4	1	2	1	2	2
4	sub-ADIE235	baseline	1	492.121128	552.9175299999999	2	3	3	3	4	3	3	2	1	1	1	2	4
5	sub-ADIE235	baseline	1	568.299692	617.521092	2	3	3	3	4	3	3	2	1	3	1	2	3
0	sub-ADIE238	3mf	1	12.884702	48.893091	2	2	3	2	3	2	2	1	2	1	1	2	1
1	sub-ADIE238	3mf	1	60.095371	88.559212	3	3	3	1	3	2	3	1	1	1	2	2	2
2	sub-ADIE238	3mf	1	101.609467	130.543941	3	3	3	2	3	3	2	1	2	2	1	2	2
3	sub-ADIE238	3mf	1	195.71816	225.17193200000003	3	3	3	3	4	3	4	2	1	2	2	2	1
4	sub-ADIE238	3mf	0	252.297916	277.933088	3	3	3	2	4	3	3	2	1	2	3	2	2
5	sub-ADIE238	3mf	0	324.208327	359.183154	2	4	3	2	3	4	2	3	1	3	4	2	2
0	sub-ADIE238	baseline	0	49.636901	85.030466	3	1	3	2	3	3	2	1	1	1	3	1	2
1	sub-ADIE238	baseline	0	152.580896	184.16331799999998	3	1	3	2	4	2	1	1	1	1	1	1	1
2	sub-ADIE238	baseline	1	208.886391	235.455981	3	1	3	2	4	1	1	1	1	1	1	1	1
3	sub-ADIE238	baseline	1	286.436063	313.58738500000004	3	1	3	2	4	2	2	1	1	2	2	1	1
4	sub-ADIE238	baseline	1	351.030965	367.948616	1	1	1	1	4	1	1	1	1	1	1	1	1
5	sub-ADIE238	baseline	1	380.63239	399.75892999999996	1	1	1	1	4	1	1	1	1	1	1	1	1
0	sub-ADIE240	baseline	1	68.167654	168.933009	4	3	3	4	4	3	4	4	1	1	3	4	1
1	sub-ADIE240	baseline	1	185.266061	256.839453	4	2	3	4	3	1	3	3	1	3	4	2	1
2	sub-ADIE240	baseline	1	273.528571	353.570395	2	4	2	2	2	2	2	4	2	3	4	4	1
3	sub-ADIE240	baseline	0	454.809817	515.288264	4	3	3	4	3	1	2	4	1	4	4	4	1
4	sub-ADIE240	baseline	0	536.441603	607.064715	3	2	3	2	2	2	3	2	1	1	4	1	2
5	sub-ADIE240	baseline	0	623.452935	691.001408	3	1	2	3	2	2	2	2	1	1	4	1	2
0	sub-ADIE242	3mf	0	40.037266	86.69091399999999	1	4	3	3	4	1	2	3	2	1	2	4	1
1	sub-ADIE242	3mf	0	101.680721	136.03275	1	4	3	3	4	1	1	4	1	1	2	4	1
2	sub-ADIE242	3mf	0	164.364119	235.363774	1	4	2	3	3	1	1	4	2	3	3	4	1
3	sub-ADIE242	3mf	1	294.690235	328.0733	1	4	2	3	2	1	1	4	3	3	3	4	1
4	sub-ADIE242	3mf	1	402.322464	438.86476300000004	2	4	2	3	3	3	3	4	3	3	3	4	1
5	sub-ADIE242	3mf	1	455.048928	534.428007	1	4	3	2	3	2	2	4	3	2	2	4	1
0	sub-ADIE242	baseline	1	13.63738	60.504052	2	2	3	3	3	1	2	3	1	1	1	3	1
1	sub-ADIE242	baseline	1	103.909577	149.393303	2	3	3	3	4	1	2	4	1	1	1	4	2
2	sub-ADIE242	baseline	1	183.628644	235.481548	2	3	3	2	4	1	1	4	1	1	1	4	1
3	sub-ADIE242	baseline	0	289.613379	321.535799	1	4	3	3	4	1	1	4	1	1	1	4	1
4	sub-ADIE242	baseline	0	356.643966	386.93915599999997	2	3	3	3	4	1	1	4	1	1	1	4	1
5	sub-ADIE242	baseline	0	425.974985	460.13352299999997	2	3	3	3	4	1	1	4	1	1	1	4	1
0	sub-ADIE245	baseline	0	86.208647	156.661484	2	3	2	2	4	1	1	3	1	1	2	1	3
1	sub-ADIE245	baseline	0	172.459855	220.152719	2	3	2	1	4	1	1	3	1	1	1	1	1
2	sub-ADIE245	baseline	1	251.43304	301.984803	1	3	2	1	4	1	1	4	1	1	1	1	1
3	sub-ADIE245	baseline	1	314.591212	357.562888	2	4	2	1	4	1	1	4	1	1	1	1	1
4	sub-ADIE245	baseline	1	445.252928	485.98668999999995	2	4	2	1	4	1	1	3	1	1	1	1	1
5	sub-ADIE245	baseline	1	501.861768	541.7487940000001	2	4	2	1	4	1	2	1	1	1	1	1	1
0	sub-ADIE247	3mf	0	8.331719	67.828356	4	4	3	2	4	3	3	3	1	3	3	4	4
1	sub-ADIE247	3mf	0	95.737921	139.203259	4	4	4	3	4	4	4	3	1	3	4	4	3
2	sub-ADIE247	3mf	0	199.059577	231.331152	4	3	3	3	4	3	4	3	1	2	4	3	2
3	sub-ADIE247	3mf	1	310.937441	341.354365	4	4	3	3	4	4	4	3	1	3	3	4	3
4	sub-ADIE247	3mf	1	357.38839	385.874578	4	4	3	3	4	3	4	3	1	3	3	4	3
5	sub-ADIE247	3mf	1	398.424268	430.77784499999996	4	4	3	3	4	3	4	3	1	3	4	4	3
0	sub-ADIE247	baseline	0	9.320018	76.23944200000001	4	4	3	4	4	1	1	4	1	1	3	4	4
1	sub-ADIE247	baseline	0	104.866162	179.34115400000002	2	2	3	4	3	1	4	3	1	1	4	2	3
2	sub-ADIE247	baseline	0	195.991217	245.963026	4	4	3	4	4	1	4	1	1	4	4	4	3
3	sub-ADIE247	baseline	1	331.387603	376.65433399999995	4	4	3	4	4	3	4	1	1	3	4	4	4
4	sub-ADIE247	baseline	1	403.331186	447.01246899999995	4	4	3	4	4	4	4	2	1	3	4	4	3
5	sub-ADIE247	baseline	1	513.855604	561.090328	4	4	3	4	4	3	4	3	1	3	4	4	3
0	sub-ADIE251	3mf	0	8.535926	47.365352	3	1	3	1	4	1	1	4	1	1	1	1	1
1	sub-ADIE251	3mf	0	118.549069	150.53476899999998	4	1	3	1	3	1	1	4	2	1	2	1	1
2	sub-ADIE251	3mf	1	194.040794	223.98017399999998	4	2	3	1	4	1	1	4	1	1	1	1	4
3	sub-ADIE251	3mf	1	260.497548	291.86875000000003	4	1	3	1	4	1	1	1	1	1	1	1	4
4	sub-ADIE251	3mf	1	348.021887	377.923561	4	1	2	1	4	2	1	2	1	1	1	1	4
5	sub-ADIE251	3mf	1	393.30586	422.86035300000003	4	1	3	1	4	1	1	2	1	1	1	1	4
0	sub-ADIE252	baseline	0	48.412751	187.742942	4	1	4	1	4	1	1	1	1	1	1	1	4
1	sub-ADIE252	baseline	0	200.961046	242.339377	4	1	4	1	4	1	1	1	1	1	1	1	4
2	sub-ADIE252	baseline	1	355.388018	408.009133	4	1	4	3	3	1	1	1	1	1	2	1	4
3	sub-ADIE252	baseline	1	437.006293	470.395052	4	1	4	3	3	1	1	1	1	1	1	1	4
4	sub-ADIE252	baseline	1	479.411781	520.019188	4	1	4	3	4	1	1	1	1	1	1	1	4
5	sub-ADIE252	baseline	1	547.612558	582.087599	4	4	4	1	4	1	1	1	1	1	1	1	4
0	sub-ADIE255	3mf	0	42.581921	97.957564	1	4	4	2	4	1	3	4	1	1	1	3	1
1	sub-ADIE255	3mf	0	130.404968	173.470154	1	4	4	2	4	1	2	3	1	1	2	1	2
2	sub-ADIE255	3mf	0	181.980058	222.409783	1	4	4	2	4	1	2	3	1	1	1	1	2
3	sub-ADIE255	3mf	1	311.822911	352.634152	1	4	4	1	4	1	3	2	1	3	1	1	3
4	sub-ADIE255	3mf	1	399.57816	438.054548	1	4	4	2	4	1	2	2	1	1	1	1	3
5	sub-ADIE255	3mf	1	454.09328	496.602173	1	4	4	2	4	1	2	2	1	3	1	1	3
0	sub-ADIE255	baseline	1	26.420633	109.067217	1	4	4	4	4	4	4	4	1	2	2	3	2
1	sub-ADIE255	baseline	1	164.583687	232.50183	4	4	4	3	4	1	4	4	1	1	1	3	4
2	sub-ADIE255	baseline	0	290.872649	353.034536	1	4	4	3	4	1	4	4	1	1	1	1	4
3	sub-ADIE255	baseline	0	388.186551	444.24253999999996	1	4	4	3	4	1	3	4	1	1	1	1	4
4	sub-ADIE255	baseline	0	460.699021	507.795455	1	4	4	3	4	1	3	4	1	1	1	1	4
5	sub-ADIE255	baseline	0	523.778678	572.131757	1	4	4	3	4	1	3	4	1	1	1	1	4
0	sub-ADIE256	3mf	0	27.075972	80.06775599999999	2	1	2	2	2	1	3	1	1	1	3	1	1
1	sub-ADIE256	3mf	0	108.210405	132.09396700000002	1	1	1	1	2	1	1	1	1	1	1	1	1
2	sub-ADIE256	3mf	0	167.096213	214.261857	1	1	2	2	2	1	1	1	3	1	2	1	1
3	sub-ADIE256	3mf	1	309.818475	351.86017499999997	1	2	2	2	2	1	2	1	1	1	2	1	2
4	sub-ADIE256	3mf	1	367.460299	391.141636	1	1	1	1	1	1	1	1	1	1	1	1	1
5	sub-ADIE256	3mf	1	399.952108	416.696042	1	1	1	1	1	1	1	1	1	1	1	1	1
0	sub-ADIE256	baseline	1	12.785433	79.53621	1	1	2	2	3	1	2	1	1	1	1	1	1
1	sub-ADIE256	baseline	1	95.269181	146.792093	1	1	2	1	2	1	1	2	1	1	1	1	3
2	sub-ADIE256	baseline	1	222.694062	271.595278	1	1	2	2	1	1	2	2	1	1	1	1	2
3	sub-ADIE256	baseline	0	299.673774	351.362347	1	1	2	2	3	1	2	2	1	1	1	1	3
4	sub-ADIE256	baseline	0	375.820892	436.43326399999995	1	1	2	1	3	1	1	2	1	1	1	1	2
5	sub-ADIE256	baseline	0	448.583403	464.323131	1	1	2	1	1	1	1	1	1	1	1	1	1
0	sub-ADIE262	baseline	1	16.059006	89.834021	3	4	2	4	3	3	2	4	1	1	3	4	1
1	sub-ADIE262	baseline	1	105.873938	171.451722	3	4	2	3	4	3	2	4	1	2	3	2	1
2	sub-ADIE262	baseline	1	183.51884	249.281908	3	4	2	3	3	3	2	4	1	2	2	2	1
3	sub-ADIE262	baseline	0	377.541928	420.389574	4	4	3	3	4	2	2	4	1	1	1	3	1
4	sub-ADIE262	baseline	0	449.506269	488.06269599999996	3	4	3	3	4	3	2	4	1	2	1	1	1
5	sub-ADIE262	baseline	0	516.239	550.564231	3	4	3	3	4	2	2	4	1	2	1	2	1
0	sub-ADIE264	baseline	0	17.071681	105.56234500000001	2	1	3	2	1	1	1	1	4	1	1	1	3
1	sub-ADIE264	baseline	0	159.496091	222.631629	2	2	1	1	4	1	1	1	1	1	1	1	4
2	sub-ADIE264	baseline	0	231.118984	273.300055	2	1	2	1	1	1	1	1	1	1	1	1	4
3	sub-ADIE264	baseline	1	316.267823	372.253016	1	4	3	1	2	1	4	1	1	1	1	2	4
4	sub-ADIE264	baseline	1	393.856161	442.288569	3	1	3	1	4	1	1	1	1	1	1	1	1
5	sub-ADIE264	baseline	1	454.69749	506.020377	2	2	1	1	2	1	1	1	1	1	1	1	4
0	sub-ADIE272	baseline	1	16.719704	62.943947	1	1	2	2	2	3	3	3	3	2	3	3	2
1	sub-ADIE272	baseline	1	75.35714	105.17779900000001	4	2	1	1	4	1	1	1	1	1	1	1	1
2	sub-ADIE272	baseline	1	188.715008	219.655741	1	3	2	3	2	2	3	3	3	3	3	3	3
3	sub-ADIE272	baseline	0	269.802518	298.162768	4	1	4	1	4	1	1	4	1	1	1	1	1
4	sub-ADIE272	baseline	0	319.301327	346.94130199999995	1	4	1	4	2	4	4	4	4	4	4	4	2
5	sub-ADIE272	baseline	0	406.394061	435.088163	1	2	1	4	1	4	4	4	4	4	4	4	3
0	sub-ADIE275	baseline	1	8.23173	81.65599900000001	3	4	2	3	3	3	1	1	1	1	1	1	4
1	sub-ADIE275	baseline	1	128.798495	183.48950599999998	4	1	2	1	4	1	1	3	1	1	1	1	1
2	sub-ADIE275	baseline	1	223.159869	268.160199	4	1	2	1	4	2	1	3	1	1	1	1	1
3	sub-ADIE275	baseline	0	287.762597	347.45906399999996	3	3	1	1	3	2	2	3	2	1	3	2	1
4	sub-ADIE275	baseline	0	360.182254	420.052597	1	2	3	3	3	3	4	4	1	3	3	3	1
5	sub-ADIE275	baseline	0	491.433659	535.7150889999999	2	3	2	3	2	4	3	3	3	1	3	3	1
0	sub-ADIE276	baseline	0	45.497976	179.571131	3	2	1	1	3	1	2	4	1	3	3	2	3
1	sub-ADIE276	baseline	0	228.499482	328.959845	2	2	2	3	2	2	3	2	1	2	3	2	3
2	sub-ADIE276	baseline	0	337.57028	425.656516	2	1	2	1	4	2	2	2	3	1	3	1	1
3	sub-ADIE276	baseline	1	451.050247	552.911103	2	2	1	1	4	2	3	1	2	1	1	2	2
4	sub-ADIE276	baseline	1	636.266706	756.578539	2	2	3	3	3	2	2	2	2	3	3	3	2
5	sub-ADIE276	baseline	1	769.478839	858.762773	2	2	1	2	3	1	2	1	3	2	2	2	1
0	sub-ADIE277	baseline	1	16.860256	132.085652	4	3	3	3	4	1	3	3	1	1	4	2	2
1	sub-ADIE277	baseline	1	141.117276	223.928807	1	1	3	1	4	2	1	4	1	1	4	2	1
2	sub-ADIE277	baseline	1	293.657983	367.731564	4	4	3	2	4	3	2	3	1	2	3	2	1
3	sub-ADIE277	baseline	0	454.841274	541.141231	3	2	3	2	4	2	2	2	1	1	3	2	1
4	sub-ADIE277	baseline	0	565.616192	625.810752	1	2	3	2	4	1	3	2	1	1	3	2	1
5	sub-ADIE277	baseline	0	657.174372	738.8543880000001	1	1	3	1	3	2	2	2	1	2	3	2	1
0	sub-ADIE286	baseline	0	35.444336	94.52240400000001	1	2	2	2	2	3	3	2	1	2	4	2	2
1	sub-ADIE286	baseline	0	106.068615	142.41083999999998	1	1	2	2	2	1	3	2	1	1	2	2	2
2	sub-ADIE286	baseline	0	195.257185	233.16904499999998	1	2	2	2	2	1	1	2	1	1	4	3	3
3	sub-ADIE286	baseline	0	245.368271	279.407068	1	1	2	1	2	1	1	1	1	1	3	2	2
4	sub-ADIE286	baseline	1	354.930259	397.10310300000003	1	3	2	2	3	3	3	2	1	1	3	4	2
5	sub-ADIE286	baseline	1	425.263494	463.808556	1	2	2	1	3	1	2	2	1	2	3	3	2
0	sub-ADIE287	3mf	0	33.422091	95.049782	1	1	1	1	4	1	1	1	1	1	1	1	1
1	sub-ADIE287	3mf	0	140.091316	175.19990199999998	1	1	1	1	4	1	1	2	1	1	1	1	1
2	sub-ADIE287	3mf	0	188.351632	220.987724	1	1	4	1	1	1	1	1	1	1	2	1	1
3	sub-ADIE287	3mf	1	298.239884	353.58020600000003	1	4	4	1	4	1	1	4	1	1	1	1	4
4	sub-ADIE287	3mf	1	384.695089	430.127543	1	4	4	1	4	1	1	4	1	1	1	4	1
5	sub-ADIE287	3mf	1	479.791267	520.1186600000001	1	4	4	1	4	1	1	4	1	1	1	4	1
0	sub-ADIE287	baseline	0	66.435511	134.537465	1	1	2	1	3	1	1	1	1	1	1	1	1
1	sub-ADIE287	baseline	0	143.654243	208.865498	1	2	2	2	4	1	1	1	1	1	1	4	1
2	sub-ADIE287	baseline	0	238.459598	291.93422200000003	1	1	2	1	2	1	1	2	1	1	2	1	1
3	sub-ADIE287	baseline	1	375.424777	433.918681	1	3	2	1	1	1	1	4	1	1	1	1	1
4	sub-ADIE287	baseline	1	449.951449	505.610805	1	4	2	4	4	1	1	4	1	1	1	1	1
5	sub-ADIE287	baseline	1	550.585686	614.084488	1	2	3	1	3	2	2	3	3	1	2	2	1
0	sub-ADIE294	baseline	1	8.346655	77.952461	2	1	2	2	3	2	2	4	3	1	4	2	1
1	sub-ADIE294	baseline	1	91.06887	144.256451	4	4	4	2	4	3	3	3	1	3	4	4	1
2	sub-ADIE294	baseline	1	222.624724	279.468549	3	3	2	2	4	3	4	3	1	2	4	4	1
3	sub-ADIE294	baseline	0	310.336774	366.107283	3	4	2	3	4	3	3	3	1	2	4	4	3
4	sub-ADIE294	baseline	0	449.31471	492.16144499999996	4	4	2	2	4	2	4	3	1	2	4	4	3
5	sub-ADIE294	baseline	0	500.92822	544.505003	1	2	1	2	1	3	4	1	1	3	4	1	2
0	sub-ADIE296	baseline	1	11.840166	79.75916600000001	4	3	3	3	4	1	2	4	1	1	1	3	2
1	sub-ADIE296	baseline	1	130.257628	201.076347	4	3	3	4	4	1	1	3	1	2	1	3	3
2	sub-ADIE296	baseline	1	213.925857	261.142888	4	2	3	4	3	2	3	3	1	2	1	2	3
3	sub-ADIE296	baseline	0	363.832344	418.20655200000004	2	2	2	2	3	3	2	2	2	3	2	2	2
4	sub-ADIE296	baseline	0	430.354593	473.63597300000004	3	3	3	3	4	2	2	3	1	2	1	3	3
5	sub-ADIE296	baseline	0	529.971752	569.5490940000001	4	3	4	3	4	3	3	3	1	3	1	4	3
0	sub-ADIE299	baseline	0	63.09848	110.250715	3	2	3	3	3	2	2	2	2	1	1	2	3
1	sub-ADIE299	baseline	0	134.510805	168.749023	3	3	4	2	2	2	4	1	1	2	2	2	4
2	sub-ADIE299	baseline	0	180.499425	217.121792	3	2	3	3	3	2	2	3	2	2	2	2	4
3	sub-ADIE299	baseline	1	247.533261	284.87843100000003	3	3	3	4	3	4	3	3	3	2	1	3	3
4	sub-ADIE299	baseline	1	329.667799	361.02405	3	3	3	3	2	2	2	1	2	3	3	3	4
5	sub-ADIE299	baseline	1	425.429783	450.013904	4	3	3	3	3	2	3	1	1	2	4	3	4
0	sub-ADIE306	baseline	0	15.144088	66.532607	4	2	3	3	4	1	1	3	1	1	2	2	4
1	sub-ADIE306	baseline	0	88.020285	129.184846	3	2	3	1	4	1	3	1	1	1	1	1	4
2	sub-ADIE306	baseline	1	242.306793	276.756918	4	3	3	2	3	1	2	3	1	2	3	2	3
3	sub-ADIE306	baseline	1	288.557227	320.726615	4	2	4	1	4	1	2	2	1	1	1	2	4
4	sub-ADIE306	baseline	1	333.02591	357.223458	4	2	3	1	4	1	2	3	1	1	1	2	3
5	sub-ADIE306	baseline	1	409.92056	434.771073	4	2	3	1	4	1	2	3	1	1	1	2	3
0	sub-ADIE315	baseline	0	16.171255	96.901848	2	4	3	1	1	2	4	4	2	3	3	4	2
1	sub-ADIE315	baseline	0	124.812577	171.09704	1	4	2	1	3	2	4	4	2	3	3	4	2
2	sub-ADIE315	baseline	0	187.446957	220.07008	2	2	2	2	1	2	4	4	2	2	1	4	2
3	sub-ADIE315	baseline	0	235.453568	277.15078	3	3	3	2	2	2	4	4	1	3	3	4	2
4	sub-ADIE315	baseline	1	337.389925	369.62787099999997	3	3	3	2	3	3	4	4	3	3	3	4	2
5	sub-ADIE315	baseline	1	478.288926	518.9689709999999	4	3	3	2	3	3	4	4	2	3	3	4	2
0	sub-ADIE327	3mf	0	15.323759	145.795713	1	2	2	2	4	2	2	1	2	3	3	2	2
1	sub-ADIE327	3mf	0	194.924721	244.394792	2	1	1	2	1	1	3	1	1	1	1	1	2
2	sub-ADIE327	3mf	1	339.026375	376.73732800000005	1	1	1	2	1	2	2	1	1	2	3	1	1
3	sub-ADIE327	3mf	1	398.358949	467.413433	2	1	2	1	1	1	2	1	1	1	2	1	2
4	sub-ADIE327	3mf	1	496.341428	534.385876	2	2	1	3	1	1	2	1	1	2	2	2	2
5	sub-ADIE327	3mf	1	562.502471	590.082176	1	2	1	2	1	2	2	1	1	2	4	4	2
0	sub-ADIE327	baseline	1	59.455549	127.206878	3	3	3	2	3	1	2	2	1	1	2	1	3
1	sub-ADIE327	baseline	1	155.851595	201.868941	3	4	3	2	4	2	2	2	1	1	2	2	4
2	sub-ADIE327	baseline	1	218.002855	267.791129	3	3	3	2	3	1	2	3	2	1	2	1	3
3	sub-ADIE327	baseline	0	327.788675	375.881195	2	2	2	1	2	1	2	2	2	1	2	1	2
4	sub-ADIE327	baseline	0	384.491628	441.769533	2	2	3	2	3	3	2	3	2	1	2	1	2
5	sub-ADIE327	baseline	0	453.669195	493.695503	3	3	2	2	3	3	3	2	1	3	3	2	3
0	sub-ADIE332	3mf	0	31.122935	105.180616	4	2	2	2	3	1	3	2	1	1	3	2	2
1	sub-ADIE332	3mf	0	121.814676	180.593539	1	2	2	2	3	3	4	2	1	1	2	2	4
2	sub-ADIE332	3mf	0	209.421303	261.209647	3	2	2	1	3	1	4	2	1	1	2	2	2
3	sub-ADIE332	3mf	0	282.863862	336.271479	3	2	2	1	3	1	4	2	1	1	2	2	2
4	sub-ADIE332	3mf	1	441.694894	503.50956199999996	4	4	1	3	1	4	4	4	4	3	4	4	3
5	sub-ADIE332	3mf	1	529.708996	579.37159	1	1	1	2	2	4	3	3	3	1	3	1	1
0	sub-ADIE332	baseline	1	87.178963	227.956678	4	3	2	3	4	1	2	3	1	3	4	3	2
1	sub-ADIE332	baseline	1	243.847131	444.285094	4	3	2	4	4	1	2	3	1	3	4	3	3
2	sub-ADIE332	baseline	0	484.721347	578.879173	4	4	3	4	4	1	3	3	1	4	4	3	3
3	sub-ADIE332	baseline	0	587.506344	666.050872	4	4	4	4	4	1	3	3	1	4	4	3	3
4	sub-ADIE332	baseline	0	689.105917	778.4100020000001	4	4	2	4	4	1	3	4	1	3	4	3	3
5	sub-ADIE332	baseline	0	826.269082	902.578787	4	4	3	4	3	1	3	4	1	3	4	3	3
0	sub-ADIE333	3mf	0	66.713088	115.384435	4	4	3	3	3	1	1	1	1	1	2	1	4
1	sub-ADIE333	3mf	0	136.390235	174.499715	4	4	3	3	3	1	1	1	2	1	1	1	4
2	sub-ADIE333	3mf	0	187.399763	225.30792399999999	2	3	2	2	2	1	3	1	1	1	1	1	4
3	sub-ADIE333	3mf	1	304.227145	339.635573	3	3	3	3	3	1	2	1	1	1	1	1	4
4	sub-ADIE333	3mf	1	368.812661	397.683449	4	4	4	4	4	1	1	1	1	1	1	1	4
5	sub-ADIE333	3mf	1	430.146105	464.672002	2	3	2	3	2	1	2	1	2	2	2	1	3
0	sub-ADIE339	3mf	0	141.463637	186.195653	1	1	2	2	3	1	1	1	1	2	2	1	1
1	sub-ADIE339	3mf	0	202.745257	234.15178600000002	1	1	2	1	3	1	1	1	1	1	1	1	1
2	sub-ADIE339	3mf	0	266.253941	295.719047	1	1	2	1	3	1	1	1	1	1	1	1	1
3	sub-ADIE339	3mf	0	304.880163	341.70711	2	1	1	1	3	1	1	1	1	1	2	1	1
4	sub-ADIE339	3mf	0	356.94038	393.383035	1	2	1	2	2	1	2	1	1	1	2	1	2
5	sub-ADIE339	3mf	0	405.798973	443.424301	1	2	1	1	2	1	1	1	1	1	2	1	2
0	sub-ADIE003	baseline	0	152.054907	189.460278	4	4	4	3	4	3	3	4	2	4	3	4	4
1	sub-ADIE003	baseline	0	201.900474	240.35909099999998	4	4	4	3	4	3	4	4	1	1	4	3	4
2	sub-ADIE003	baseline	0	252.585103	293.406659	3	4	4	3	4	4	1	4	2	1	3	2	4
3	sub-ADIE003	baseline	0	302.52374	355.481876	4	4	4	3	4	4	3	4	2	2	3	2	4
4	sub-ADIE003	baseline	0	381.294569	416.60551399999997	3	4	4	3	4	4	3	4	3	1	4	3	1
5	sub-ADIE003	baseline	0	433.830072	488.641771	3	4	4	3	4	4	1	4	3	1	4	3	1
0	sub-ADIE006	3mf	0	29.424938	93.98539899999999	2	4	3	4	4	2	1	4	3	1	3	4	1
1	sub-ADIE006	3mf	0	111.373189	144.116812	2	4	2	4	4	2	1	4	3	1	3	4	1
2	sub-ADIE006	3mf	0	153.361929	197.371226	2	3	2	4	4	2	2	4	2	1	3	4	1
3	sub-ADIE006	3mf	0	241.853033	278.457637	2	4	2	3	2	2	2	4	3	1	3	3	1
4	sub-ADIE006	3mf	1	326.784765	363.196915	2	3	2	3	4	1	2	4	3	2	3	3	1
5	sub-ADIE006	3mf	1	392.218172	418.925379	2	3	2	3	2	1	1	4	3	1	3	3	1
0	sub-ADIE006	baseline	1	9.438213	70.04208600000001	4	4	4	2	4	1	1	1	1	1	2	4	2
1	sub-ADIE006	baseline	1	79.41244	130.069965	4	4	2	3	4	1	1	4	1	1	4	4	4
2	sub-ADIE006	baseline	1	184.305416	235.053663	4	4	1	4	4	1	1	4	1	1	1	4	1
3	sub-ADIE006	baseline	0	365.035876	399.430901	4	4	4	4	4	1	1	4	1	1	4	4	1
4	sub-ADIE006	baseline	0	414.925843	449.78944	4	4	4	4	4	1	2	4	1	1	4	4	1
5	sub-ADIE006	baseline	0	462.643324	498.292042	4	4	4	4	4	1	1	4	1	1	4	4	1
0	sub-ADIE007	baseline	0	12.39788	127.53404499999999	4	1	3	3	3	1	2	3	1	1	2	4	1
1	sub-ADIE007	baseline	0	136.792802	195.355253	4	3	3	2	4	1	2	4	1	2	2	4	1
2	sub-ADIE007	baseline	0	218.799163	250.375876	4	4	4	4	4	1	1	4	1	1	2	4	1
3	sub-ADIE007	baseline	0	259.242062	306.96025099999997	4	4	2	2	4	2	3	4	1	3	2	4	2
4	sub-ADIE007	baseline	0	335.645612	409.466705	4	4	1	4	4	4	4	4	1	4	4	4	4
5	sub-ADIE007	baseline	1	534.62373	575.8630459999999	4	4	4	4	4	2	2	3	1	1	2	4	2
0	sub-ADIE008	3mf	1	29.027496	62.308607	3	3	3	3	4	3	2	2	1	1	3	2	3
1	sub-ADIE008	3mf	1	104.297652	131.425723	3	3	3	3	4	3	2	2	1	1	3	2	4
2	sub-ADIE008	3mf	1	139.487406	167.495917	3	3	2	3	4	3	2	1	1	1	3	2	4
3	sub-ADIE008	3mf	1	182.512262	208.033778	3	3	3	3	4	3	2	1	1	1	3	2	4
4	sub-ADIE008	3mf	0	313.357162	347.879245	2	3	3	3	2	3	2	1	2	3	3	2	3
5	sub-ADIE008	3mf	0	383.00863	408.06412200000005	2	3	2	3	3	3	2	1	3	2	3	1	3
0	sub-ADIE008	baseline	0	31.226254	69.923608	1	3	2	4	4	2	2	3	1	4	4	2	4
1	sub-ADIE008	baseline	0	78.698297	113.854615	2	3	3	3	4	4	2	2	2	2	4	2	4
2	sub-ADIE008	baseline	1	188.185648	219.823642	2	3	3	3	4	3	2	2	3	1	3	2	4
3	sub-ADIE008	baseline	1	272.395966	303.15278	2	3	3	2	4	3	2	2	1	2	4	2	4
4	sub-ADIE008	baseline	1	338.349527	368.896098	2	3	3	2	4	4	2	2	3	2	4	2	4
5	sub-ADIE008	baseline	1	404.602028	431.701068	2	3	3	2	4	3	3	2	3	1	4	2	4
0	sub-ADIE020	3mf	0	16.439734	69.20555	4	4	3	2	4	1	1	2	1	1	1	1	4
1	sub-ADIE020	3mf	0	82.260756	120.86316099999999	4	4	3	1	4	1	1	2	1	1	1	1	4
2	sub-ADIE020	3mf	0	164.392654	212.92332199999998	4	4	3	2	4	1	1	2	1	1	1	1	3
3	sub-ADIE020	3mf	1	293.849457	363.96819300000004	3	3	2	2	3	1	2	3	3	2	3	3	3
4	sub-ADIE020	3mf	1	395.723717	453.481518	4	3	3	1	3	1	3	1	2	2	4	1	4
5	sub-ADIE020	3mf	1	466.226241	513.700044	2	3	3	1	3	2	2	1	3	1	2	1	4
0	sub-ADIE020	baseline	1	8.657075	72.892539	4	3	3	1	4	1	1	3	1	1	1	1	3
1	sub-ADIE020	baseline	1	81.355507	127.91651399999999	3	4	3	1	4	1	1	3	1	1	1	1	3
2	sub-ADIE020	baseline	1	202.904999	241.889494	4	4	3	1	4	1	1	3	1	1	1	1	3
3	sub-ADIE020	baseline	0	269.344922	315.611864	3	3	3	1	4	1	1	3	1	1	1	1	3
4	sub-ADIE020	baseline	0	379.554598	416.33941899999996	3	3	3	1	4	1	1	3	1	1	1	1	3
5	sub-ADIE020	baseline	0	433.37918	481.75885	3	3	2	1	3	1	1	3	1	1	1	1	3
0	sub-ADIE023	baseline	1	15.664809	97.459918	1	3	2	3	2	3	3	2	2	3	3	3	2
1	sub-ADIE023	baseline	1	127.07796	193.62734700000001	1	1	2	3	3	3	3	2	2	1	3	2	2
2	sub-ADIE023	baseline	1	206.963696	269.453378	2	2	2	3	4	3	2	1	2	3	3	2	2
3	sub-ADIE023	baseline	1	299.122699	350.952592	1	3	3	3	2	3	3	3	2	2	3	2	3
4	sub-ADIE023	baseline	0	485.762241	546.021248	3	3	3	2	4	3	3	1	2	2	3	2	2
5	sub-ADIE023	baseline	0	571.346564	630.4882	2	2	3	3	3	3	3	2	2	3	3	2	2
0	sub-ADIE027	baseline	0	17.199681	71.69859600000001	2	3	4	3	3	4	3	1	3	2	2	1	3
1	sub-ADIE027	baseline	0	84.157254	130.50188899999998	3	3	3	3	4	3	3	1	3	2	2	1	3
2	sub-ADIE027	baseline	1	235.974765	273.057284	3	3	3	3	4	3	3	2	3	2	2	2	3
3	sub-ADIE027	baseline	1	305.727546	333.785909	3	3	3	3	4	3	3	2	3	2	2	2	3
4	sub-ADIE027	baseline	1	362.561444	397.70626999999996	3	3	3	3	3	3	3	2	2	3	2	2	3
5	sub-ADIE027	baseline	1	441.941912	469.439179	3	3	3	3	3	3	3	2	3	3	2	2	3
0	sub-ADIE029	baseline	0	28.687877	121.996006	3	3	3	3	3	4	3	4	4	3	2	3	3
1	sub-ADIE029	baseline	0	154.493825	204.702426	4	3	4	3	3	4	4	4	1	2	2	3	3
2	sub-ADIE029	baseline	0	240.785699	287.803686	4	3	2	3	3	4	4	3	2	1	3	3	3
3	sub-ADIE029	baseline	1	323.310237	357.444427	4	4	4	2	4	4	4	4	1	3	2	4	2
4	sub-ADIE029	baseline	1	421.70072	459.291723	3	4	3	3	3	4	4	4	1	4	2	4	4
5	sub-ADIE029	baseline	1	491.362502	533.455235	3	4	3	3	4	4	4	4	1	3	2	4	4
0	sub-ADIE034	baseline	0	93.514532	150.86699900000002	2	2	3	2	3	2	1	2	4	1	1	1	2
1	sub-ADIE034	baseline	0	166.549979	205.437899	2	1	2	1	2	1	1	1	1	1	1	1	1
2	sub-ADIE034	baseline	1	233.498928	273.466755	3	3	3	1	4	2	2	3	1	1	2	3	1
3	sub-ADIE034	baseline	1	295.092015	347.302142	2	3	2	3	2	2	3	2	3	3	2	1	2
4	sub-ADIE034	baseline	1	362.816804	416.59551700000003	2	2	2	2	3	1	4	1	1	2	4	4	1
5	sub-ADIE034	baseline	1	480.610653	518.091674	3	2	2	3	3	2	3	1	1	2	4	4	3
0	sub-ADIE038	3mf	1	17.292829	73.573823	1	4	4	4	4	1	1	1	1	1	1	1	1
1	sub-ADIE038	3mf	0	201.569937	232.697159	1	4	4	1	4	1	1	1	4	4	1	4	1
2	sub-ADIE038	3mf	0	279.903217	317.552915	1	4	4	1	4	1	1	1	1	1	1	1	1
3	sub-ADIE038	3mf	0	346.565668	383.845054	1	1	4	1	4	1	1	1	1	1	1	1	1
4	sub-ADIE038	3mf	0	400.052329	416.944638	4	1	1	4	4	1	1	4	1	1	4	4	4
5	sub-ADIE038	3mf	0	425.813071	458.80582499999997	4	1	4	1	1	1	1	1	1	1	1	1	1
0	sub-ADIE038	baseline	0	36.268871	95.94337999999999	1	1	3	1	1	1	1	1	1	1	1	1	1
1	sub-ADIE038	baseline	0	155.854152	205.637679	1	1	4	1	4	1	1	1	1	1	1	1	1
2	sub-ADIE038	baseline	1	255.052163	303.45588100000003	3	3	4	1	4	1	1	4	1	1	1	1	1
3	sub-ADIE038	baseline	1	341.064022	379.494441	1	1	4	1	4	1	1	1	1	1	1	1	1
4	sub-ADIE038	baseline	1	395.396033	434.269005	1	1	4	1	4	1	1	1	1	1	1	1	1
5	sub-ADIE038	baseline	1	446.524673	475.06410300000005	1	1	4	1	4	1	1	1	1	1	1	1	1
0	sub-ADIE053	baseline	1	52.156669	98.482732	3	4	3	1	3	3	4	1	2	2	3	2	3
1	sub-ADIE053	baseline	1	107.889622	147.20258900000002	1	2	3	4	3	1	2	1	1	1	2	2	4
2	sub-ADIE053	baseline	1	188.500374	224.662101	1	4	2	4	2	2	3	1	1	1	1	2	4
3	sub-ADIE053	baseline	0	271.192643	304.501394	3	1	3	1	2	2	4	2	4	1	1	2	3
4	sub-ADIE053	baseline	0	368.002342	403.390885	1	2	4	3	2	1	4	4	3	3	2	4	1
5	sub-ADIE053	baseline	0	419.784118	453.742061	1	4	2	1	1	1	2	3	2	3	1	3	2
0	sub-ADIE073	3mf	0	9.871546	51.572943	4	3	2	1	4	3	1	4	2	1	4	3	2
1	sub-ADIE073	3mf	0	106.147645	139.09989199999998	3	1	1	2	4	3	2	2	2	1	4	3	1
2	sub-ADIE073	3mf	0	154.744181	189.25092899999999	3	3	2	2	3	4	2	3	2	1	4	3	1
3	sub-ADIE073	3mf	0	216.676198	248.148856	4	2	2	2	4	3	2	4	2	1	4	4	1
4	sub-ADIE073	3mf	1	364.048326	389.986527	4	4	2	3	4	4	2	3	1	1	4	3	2
5	sub-ADIE073	3mf	1	406.564288	441.59135999999995	3	3	2	3	3	4	2	3	2	1	3	3	2
0	sub-ADIE073	baseline	0	81.335969	152.408259	2	2	2	2	3	3	3	3	3	3	3	4	2
1	sub-ADIE073	baseline	1	190.42515	233.67976499999997	3	4	2	4	4	3	3	4	1	3	4	3	3
2	sub-ADIE073	baseline	1	269.399422	311.400854	4	3	2	3	3	4	3	2	1	3	4	4	3
3	sub-ADIE073	baseline	1	346.454708	403.086044	2	4	2	3	3	4	3	3	1	3	4	4	2
4	sub-ADIE073	baseline	1	419.026964	455.446056	3	2	2	3	4	3	2	3	1	3	4	3	3
5	sub-ADIE073	baseline	1	482.573284	522.067906	3	2	2	4	4	3	3	3	1	2	4	3	2
0	sub-ADIE108	baseline	0	16.386535	121.163979	4	3	3	3	3	3	3	3	3	3	2	3	1
1	sub-ADIE108	baseline	0	189.756839	253.21287999999998	3	2	2	3	3	3	4	2	4	3	4	3	1
2	sub-ADIE108	baseline	1	302.022767	374.122535	3	2	2	2	3	1	3	3	4	3	3	1	1
3	sub-ADIE108	baseline	1	403.912276	468.49189399999995	4	3	3	2	4	1	3	3	2	1	1	1	3
4	sub-ADIE108	baseline	1	484.144582	539.762753	4	4	3	2	4	1	2	3	1	1	1	3	2
5	sub-ADIE108	baseline	1	606.935607	657.670835	1	1	3	3	3	1	1	3	2	2	1	2	1
0	sub-ADIE111	3mf	1	50.526634	88.057724	1	2	2	2	3	1	3	1	1	3	4	1	4
1	sub-ADIE111	3mf	1	145.655103	181.939232	1	3	1	1	3	1	1	3	2	4	4	1	2
2	sub-ADIE111	3mf	0	209.936821	238.519372	1	2	2	2	3	1	2	3	1	2	4	3	2
3	sub-ADIE111	3mf	0	254.646761	282.904181	2	2	2	1	3	1	3	3	1	2	4	3	3
4	sub-ADIE111	3mf	0	295.821719	334.474902	1	2	2	1	2	1	1	3	1	4	4	1	1
5	sub-ADIE111	3mf	0	405.410254	434.69942999999995	1	2	2	2	2	1	2	2	1	2	4	2	3
0	sub-ADIE111	baseline	1	62.668656	107.244158	3	2	2	4	2	1	1	1	1	1	4	3	4
1	sub-ADIE111	baseline	1	157.787889	193.519059	1	2	1	1	2	1	1	1	4	1	2	3	2
2	sub-ADIE111	baseline	0	216.260802	298.858236	2	4	1	1	2	2	3	2	3	3	4	3	2
3	sub-ADIE111	baseline	0	315.326155	357.398974	1	4	2	1	3	3	4	1	3	3	4	3	3
4	sub-ADIE111	baseline	0	398.206674	434.71609	1	2	2	3	2	2	2	1	1	2	4	4	3
5	sub-ADIE111	baseline	0	466.467216	500.96158099999997	1	2	2	1	3	1	2	1	3	3	4	4	2
0	sub-ADIE194	3mf	0	13.057108	72.16131200000001	3	1	3	1	4	1	1	1	1	1	3	1	1
1	sub-ADIE194	3mf	0	111.818088	163.568347	3	1	2	1	4	1	1	1	1	1	2	1	3
2	sub-ADIE194	3mf	0	172.305534	206.69709799999998	3	1	2	1	3	2	1	1	1	1	1	1	1
3	sub-ADIE194	3mf	1	348.484104	392.132527	4	3	2	3	2	4	4	3	4	3	3	3	3
4	sub-ADIE194	3mf	1	405.297481	448.85022399999997	2	2	2	2	3	1	2	2	2	2	2	2	2
5	sub-ADIE194	3mf	1	479.758894	520.958115	2	3	2	2	2	3	3	3	4	3	4	2	3
0	sub-ADIE194	baseline	1	15.737945	80.676647	4	1	2	1	4	1	1	1	1	1	4	1	1
1	sub-ADIE194	baseline	0	221.457509	282.602467	3	2	3	1	2	2	1	1	2	1	1	1	1
2	sub-ADIE194	baseline	0	320.259413	363.180177	4	1	3	1	4	1	1	2	1	1	1	1	1
3	sub-ADIE194	baseline	0	371.996111	411.05240299999997	4	1	3	1	4	1	1	1	1	1	1	1	1
4	sub-ADIE194	baseline	0	443.883199	488.21804299999997	2	1	3	1	3	3	2	3	3	1	2	1	2
5	sub-ADIE194	baseline	0	500.36909	544.104912	1	1	3	1	3	1	1	3	1	3	3	1	1
0	sub-ADIE217	baseline	0	16.605946	104.94224899999999	1	3	2	2	3	3	1	1	2	3	3	3	3
1	sub-ADIE217	baseline	0	126.779607	189.89655	1	2	2	1	3	2	3	1	3	2	2	3	3
2	sub-ADIE217	baseline	0	206.334455	277.701073	1	1	3	1	3	2	3	1	2	3	2	2	3
3	sub-ADIE217	baseline	0	293.250201	343.17164199999996	1	1	3	1	2	1	3	1	1	1	1	2	3
4	sub-ADIE217	baseline	1	431.297206	505.838524	3	3	3	2	3	3	1	1	1	2	2	3	4
5	sub-ADIE217	baseline	1	518.321378	561.785209	3	3	3	2	3	1	4	1	1	2	2	3	4
0	sub-ADIE229	baseline	1	8.592717	91.12880200000001	3	1	4	1	3	1	4	1	1	1	4	1	4
1	sub-ADIE229	baseline	1	107.171522	169.854145	3	1	3	1	1	1	1	1	1	1	4	1	4
2	sub-ADIE229	baseline	1	209.081331	254.754902	1	1	1	1	1	1	1	1	1	1	1	1	1
3	sub-ADIE229	baseline	0	316.730003	367.13685200000003	3	2	2	1	2	1	1	1	1	1	1	1	3
4	sub-ADIE229	baseline	0	461.115523	513.41642	4	3	4	1	4	1	1	3	1	1	1	1	1
5	sub-ADIE229	baseline	0	529.884282	573.287346	3	1	3	1	1	1	1	1	1	1	1	1	1
0	sub-CONADIE001	baseline	0	12.566759	74.8622	4	1	3	1	4	1	1	1	1	1	1	1	1
1	sub-CONADIE001	baseline	0	140.736026	174.04348099999999	4	2	4	1	4	1	1	1	2	1	1	1	1
2	sub-CONADIE001	baseline	1	220.719501	249.622214	4	4	4	1	4	1	1	2	1	1	1	1	1
3	sub-CONADIE001	baseline	1	279.868424	316.89414600000003	4	3	1	1	4	1	2	1	1	1	1	1	4
4	sub-CONADIE001	baseline	1	325.404986	354.50838400000004	4	3	3	1	4	1	3	1	1	2	1	1	4
5	sub-CONADIE001	baseline	1	409.858236	441.62980000000005	4	4	3	1	4	1	2	2	1	1	1	1	4
0	sub-CONADIE002	baseline	0	28.11373	88.611196	4	4	4	1	4	1	1	3	1	1	4	3	1
1	sub-CONADIE002	baseline	0	100.728122	140.003543	3	3	4	2	4	1	3	3	1	1	3	3	1
2	sub-CONADIE002	baseline	0	183.165145	229.477257	3	3	4	3	4	3	3	3	1	1	3	3	2
3	sub-CONADIE002	baseline	1	279.891697	322.287061	3	3	4	2	4	3	4	4	1	2	3	3	1
4	sub-CONADIE002	baseline	1	339.088264	377.06610600000005	3	3	4	2	4	2	3	3	1	2	4	2	2
5	sub-CONADIE002	baseline	1	458.540186	502.95335400000005	4	3	4	1	4	4	2	1	1	2	3	3	3
0	sub-CONADIE003	baseline	1	49.572355	109.817514	1	1	4	1	4	1	2	4	1	1	1	1	4
1	sub-CONADIE003	baseline	1	154.890492	203.89468499999998	1	1	4	1	4	1	3	3	1	1	1	4	3
2	sub-CONADIE003	baseline	1	216.192953	262.44273799999996	1	1	4	1	4	1	3	3	1	1	1	4	2
3	sub-CONADIE003	baseline	0	292.004901	320.89071	1	1	4	1	3	1	1	4	1	1	1	4	2
4	sub-CONADIE003	baseline	0	369.500329	400.255922	1	1	4	1	4	1	4	4	1	1	1	4	2
5	sub-CONADIE003	baseline	0	412.654988	442.89099	1	1	4	1	4	1	2	4	1	1	1	4	1
0	sub-CONADIE004	baseline	0	9.550142	102.391266	1	4	3	2	4	1	4	2	2	1	1	1	2
1	sub-CONADIE004	baseline	0	158.047176	209.296382	4	3	2	1	3	3	2	2	3	3	3	3	4
2	sub-CONADIE004	baseline	0	224.437903	264.675072	4	1	4	1	4	1	4	2	1	1	1	1	4
3	sub-CONADIE004	baseline	0	274.142554	313.198922	4	3	4	3	4	1	4	2	1	1	4	1	3
4	sub-CONADIE004	baseline	1	386.337713	429.528248	3	4	3	3	4	2	4	2	2	1	2	3	3
5	sub-CONADIE004	baseline	1	446.21242	495.700355	2	2	2	2	4	1	3	3	3	3	3	3	2
0	sub-CONADIE005	baseline	1	22.649619	78.323787	2	1	2	2	4	1	1	3	1	1	1	1	2
1	sub-CONADIE005	baseline	1	114.177053	161.71028	4	1	2	4	4	1	2	3	1	2	1	2	3
2	sub-CONADIE005	baseline	1	170.570891	202.51021599999999	3	2	2	3	4	1	2	3	1	1	1	2	2
3	sub-CONADIE005	baseline	0	253.907855	282.509923	3	2	2	3	3	1	1	3	1	1	1	2	2
4	sub-CONADIE005	baseline	0	352.707955	393.151884	2	2	2	2	3	2	2	2	2	2	3	1	2
5	sub-CONADIE005	baseline	0	423.064393	454.55348	1	1	2	1	3	2	2	2	1	1	3	1	3
0	sub-CONADIE007	baseline	0	32.907932	158.17396	2	1	2	1	3	1	1	1	1	1	1	1	3
1	sub-CONADIE007	baseline	0	227.350685	327.49562399999996	2	3	2	2	3	1	2	2	1	3	3	1	1
2	sub-CONADIE007	baseline	1	352.90534	399.405255	2	2	2	2	4	2	2	2	2	2	2	1	2
3	sub-CONADIE007	baseline	1	416.479632	560.8212120000001	3	3	2	2	1	1	2	2	1	3	2	2	2
4	sub-CONADIE007	baseline	1	610.067134	694.1140379999999	1	3	2	2	4	2	2	2	1	3	2	2	4
5	sub-CONADIE007	baseline	1	705.377214	754.830084	2	3	2	2	4	1	1	1	1	3	1	3	3
0	sub-CONADIE008	baseline	1	12.133536	86.423342	3	3	3	3	4	3	2	4	1	1	3	3	2
1	sub-CONADIE008	baseline	1	169.480307	224.45278	4	4	2	1	3	2	3	3	1	3	1	3	4
2	sub-CONADIE008	baseline	0	276.239286	324.785789	3	3	2	2	3	3	3	3	1	2	2	2	3
3	sub-CONADIE008	baseline	0	367.424298	426.836381	2	2	3	2	2	2	2	3	3	2	2	2	3
4	sub-CONADIE008	baseline	0	442.619401	487.952676	3	2	3	1	3	2	3	3	1	2	1	2	2
5	sub-CONADIE008	baseline	0	519.782427	567.8857370000001	3	3	2	2	3	2	3	2	1	2	1	2	4
0	sub-CONADIE009	baseline	0	28.749803	94.78602099999999	4	1	3	1	4	1	1	3	1	1	1	2	1
1	sub-CONADIE009	baseline	0	129.288883	178.63922	4	2	3	1	4	1	3	2	1	1	1	4	3
2	sub-CONADIE009	baseline	1	252.927986	297.403705	4	3	4	2	4	4	3	2	1	1	1	3	3
3	sub-CONADIE009	baseline	1	313.553783	351.849365	3	3	3	2	4	4	3	2	1	2	3	2	3
4	sub-CONADIE009	baseline	1	421.910298	459.671478	3	3	3	1	4	3	4	3	1	3	1	2	4
5	sub-CONADIE009	baseline	1	474.906654	512.298157	3	3	3	1	4	3	3	2	1	3	1	1	3
0	sub-CONADIE010	baseline	1	16.142442	69.566733	2	3	4	1	4	2	2	2	3	1	1	2	2
1	sub-CONADIE010	baseline	1	85.616377	133.45274	1	2	4	2	4	3	1	1	1	1	2	2	1
2	sub-CONADIE010	baseline	1	160.694942	203.360629	1	1	4	1	4	1	1	4	1	1	4	1	1
3	sub-CONADIE010	baseline	1	212.421726	244.994989	3	1	4	1	3	1	2	3	1	1	3	3	1
4	sub-CONADIE010	baseline	0	354.706682	386.778988	4	3	3	2	4	1	3	4	1	1	1	1	1
5	sub-CONADIE010	baseline	0	425.514764	456.853756	4	2	3	3	3	1	3	4	2	1	3	2	1
0	sub-CONADIE011	baseline	0	16.008852	75.137709	1	2	3	2	2	3	2	3	3	3	1	3	1
1	sub-CONADIE011	baseline	0	116.208054	158.939821	1	1	3	3	4	1	4	2	2	4	4	2	1
2	sub-CONADIE011	baseline	0	186.68307	233.65175	1	2	2	1	4	4	4	4	3	2	4	3	4
3	sub-CONADIE011	baseline	1	310.870472	344.575644	4	2	3	2	4	2	4	4	3	3	3	3	1
4	sub-CONADIE011	baseline	1	359.977966	399.971809	4	4	2	1	4	1	4	1	1	1	1	1	3
5	sub-CONADIE011	baseline	1	447.783725	485.008324	4	2	3	1	4	4	2	2	2	1	4	4	2
0	sub-CONADIE012	baseline	1	46.970164	112.91927000000001	1	3	4	1	3	3	3	3	1	2	2	3	1
1	sub-CONADIE012	baseline	1	155.707835	202.210316	3	3	4	3	4	1	2	1	2	1	1	3	4
2	sub-CONADIE012	baseline	0	262.134322	299.73868000000004	1	2	4	1	4	1	2	4	1	1	1	4	2
3	sub-CONADIE012	baseline	0	315.145747	348.479311	1	1	4	1	4	1	2	4	1	1	1	4	1
4	sub-CONADIE012	baseline	0	364.067186	399.871533	1	1	4	1	3	1	1	3	1	1	1	4	1
5	sub-CONADIE012	baseline	0	408.131194	448.361379	1	2	4	2	3	1	1	4	1	1	1	4	1
0	sub-CONADIE013	baseline	0	76.71079	149.193892	1	2	3	3	4	2	3	3	3	2	2	1	2
1	sub-CONADIE013	baseline	0	182.295799	243.80515400000002	1	2	3	2	4	2	2	2	2	2	2	2	2
2	sub-CONADIE013	baseline	1	267.085953	316.566273	1	1	4	2	4	1	3	3	1	2	1	4	1
3	sub-CONADIE013	baseline	1	356.33843	410.72553999999997	1	1	4	2	1	3	3	2	1	1	2	2	2
4	sub-CONADIE013	baseline	1	427.048153	477.281048	1	1	4	2	4	3	3	3	1	1	1	3	1
5	sub-CONADIE013	baseline	1	494.264762	538.431405	1	1	4	3	4	3	3	1	1	1	1	1	1
0	sub-CONADIE014	baseline	0	62.600085	138.657111	1	1	4	1	4	1	1	1	1	1	1	1	1
1	sub-CONADIE014	baseline	0	147.317909	197.756194	1	4	4	1	4	1	1	4	1	1	1	1	1
2	sub-CONADIE014	baseline	1	309.371222	360.122739	1	4	4	4	4	1	1	4	1	1	1	4	1
3	sub-CONADIE014	baseline	1	372.523654	417.719444	1	4	4	2	4	2	4	4	1	1	1	1	3
4	sub-CONADIE014	baseline	1	451.217558	493.79864999999995	1	4	4	3	4	1	4	4	1	1	1	4	4
5	sub-CONADIE014	baseline	1	505.35152	547.7596480000001	1	4	4	1	4	1	1	4	1	1	1	1	4
0	sub-CONADIE015	baseline	1	16.795406	60.326481	4	2	3	1	4	1	1	2	1	1	2	3	4
1	sub-CONADIE015	baseline	0	185.750932	229.78391399999998	3	2	2	2	3	1	1	2	1	1	2	1	2
2	sub-CONADIE015	baseline	0	245.216843	277.873606	2	2	3	2	1	1	1	2	1	1	2	2	1
3	sub-CONADIE015	baseline	0	305.466726	337.12262599999997	1	1	3	1	3	2	1	2	3	2	2	1	2
4	sub-CONADIE015	baseline	0	353.306221	380.058133	2	2	2	1	3	1	1	3	1	1	1	1	1
5	sub-CONADIE015	baseline	0	410.919801	434.286541	2	2	3	2	3	1	1	2	1	1	2	2	2
0	sub-CONADIE016	baseline	0	12.126615	55.99109	4	3	3	3	4	2	1	3	1	1	1	4	1
1	sub-CONADIE016	baseline	0	71.93108	108.10072100000001	4	3	3	2	4	2	2	3	1	2	1	3	1
2	sub-CONADIE016	baseline	0	132.260243	164.897659	4	4	4	3	4	3	2	3	1	2	1	4	2
3	sub-CONADIE016	baseline	1	291.890511	326.614787	4	3	3	3	3	2	2	2	1	1	1	3	3
4	sub-CONADIE016	baseline	1	338.91449	365.19669500000003	4	4	3	3	4	2	2	2	1	2	1	4	4
5	sub-CONADIE016	baseline	1	393.179092	420.925637	4	4	4	3	4	3	2	2	1	2	1	4	4
0	sub-CONADIE017	baseline	1	35.557316	142.340941	1	2	3	1	3	2	2	1	1	1	2	2	1
1	sub-CONADIE017	baseline	1	158.981062	192.49870800000002	1	1	1	1	3	1	1	1	1	1	1	1	1
2	sub-CONADIE017	baseline	1	217.526595	254.283974	2	1	2	1	4	1	1	1	1	1	1	1	1
3	sub-CONADIE017	baseline	1	291.067616	342.057146	3	1	3	1	4	1	1	1	1	1	1	1	3
4	sub-CONADIE017	baseline	0	418.659202	451.73184499999996	1	1	1	1	2	1	1	1	1	1	1	1	1
5	sub-CONADIE017	baseline	0	498.443056	528.012125	2	1	2	1	2	1	1	1	1	1	1	1	1
0	sub-CONADIE019	baseline	0	20.474785	83.15734800000001	3	4	3	3	3	1	1	4	1	1	1	3	2
1	sub-CONADIE019	baseline	0	124.16202	165.742571	4	4	3	1	4	1	1	4	1	1	1	1	1
2	sub-CONADIE019	baseline	1	246.014559	288.39371	4	4	3	1	4	4	1	4	1	1	1	4	1
3	sub-CONADIE019	baseline	1	343.108503	377.266957	4	4	3	1	4	4	1	4	1	1	1	4	1
4	sub-CONADIE019	baseline	1	386.427585	418.166749	4	4	3	1	4	4	1	4	1	1	1	4	1
5	sub-CONADIE019	baseline	1	430.567586	460.16864	4	4	3	1	4	4	1	4	1	1	1	4	1
0	sub-CONADIE020	baseline	1	41.624643	99.01951	2	3	2	4	3	2	4	2	3	2	1	2	4
1	sub-CONADIE020	baseline	1	169.15877	227.743099	1	1	1	1	4	1	1	2	1	1	1	1	1
2	sub-CONADIE020	baseline	0	273.301327	314.16324199999997	4	4	2	3	4	1	1	1	1	1	4	3	3
3	sub-CONADIE020	baseline	0	323.125086	362.669854	1	3	2	2	1	1	4	1	1	1	2	3	3
4	sub-CONADIE020	baseline	0	420.941307	459.082747	1	3	3	4	2	2	2	3	3	3	4	3	3
5	sub-CONADIE020	baseline	0	476.266179	512.476779	1	2	2	3	3	3	4	3	2	1	3	3	1
0	sub-CONADIE021	baseline	0	32.31637	182.688598	4	4	3	4	4	1	2	2	1	1	1	3	3
1	sub-CONADIE021	baseline	0	217.774051	278.551384	4	4	4	4	4	1	2	2	1	2	1	3	4
2	sub-CONADIE021	baseline	1	340.407998	373.513076	4	4	4	4	4	1	1	2	1	1	1	3	4
3	sub-CONADIE021	baseline	1	401.424673	434.998103	4	4	4	4	4	1	2	2	1	2	1	3	4
4	sub-CONADIE021	baseline	1	467.178775	501.50328900000005	4	4	4	4	4	2	3	2	1	3	1	3	4
5	sub-CONADIE021	baseline	1	544.027775	573.3457169999999	4	4	4	3	4	2	3	2	1	3	1	3	4
0	sub-CONADIE022	baseline	0	23.694861	72.99783599999999	4	4	3	4	4	1	3	2	1	4	4	2	4
1	sub-CONADIE022	baseline	0	113.48566	154.666418	4	3	4	3	4	1	4	2	1	4	4	4	4
2	sub-CONADIE022	baseline	1	218.195872	263.189551	4	4	3	3	4	3	4	2	1	4	4	3	3
3	sub-CONADIE022	baseline	1	330.785431	365.124999	4	4	4	4	4	4	4	2	1	3	4	3	4
4	sub-CONADIE022	baseline	1	392.968506	422.556212	4	3	4	3	4	4	4	2	1	4	4	3	4
5	sub-CONADIE022	baseline	1	438.845829	472.281081	4	4	4	3	4	4	4	1	1	4	4	3	4
0	sub-CONADIE023	baseline	1	12.242831	113.65379300000001	2	2	3	3	4	3	2	3	2	3	3	3	2
1	sub-CONADIE023	baseline	1	139.414885	207.28070400000001	2	2	2	3	2	3	3	3	2	3	2	2	3
2	sub-CONADIE023	baseline	1	218.979162	277.020741	2	2	3	3	4	3	3	3	1	3	2	2	3
3	sub-CONADIE023	baseline	1	289.621069	342.35841400000004	2	2	3	3	3	3	3	3	2	3	2	2	3
4	sub-CONADIE023	baseline	0	407.450029	456.41891699999996	3	2	3	3	4	3	3	3	2	3	2	2	3
5	sub-CONADIE023	baseline	0	505.713084	547.6439919999999	3	2	3	3	3	2	3	3	1	3	3	2	3
0	sub-CONADIE024	baseline	0	21.259662	80.10559	4	1	3	1	4	4	1	1	1	1	1	1	1
1	sub-CONADIE024	baseline	0	88.715745	126.277096	4	3	3	1	4	4	1	3	1	1	1	1	4
2	sub-CONADIE024	baseline	0	161.161248	202.5564	4	3	3	1	4	3	2	3	2	2	1	1	3
3	sub-CONADIE024	baseline	0	234.904207	271.614256	4	2	2	1	3	3	1	3	2	2	2	1	3
4	sub-CONADIE024	baseline	1	331.751071	371.213663	4	1	2	1	2	3	1	3	1	2	1	1	3
5	sub-CONADIE024	baseline	1	420.610416	460.571191	2	1	2	1	2	3	1	2	2	2	1	1	3
0	sub-CONADIE025	baseline	1	50.719646	98.437806	1	1	3	1	4	1	1	1	1	1	4	1	1
1	sub-CONADIE025	baseline	1	134.32118	191.91538300000002	1	1	3	1	3	1	3	1	1	1	3	1	1
2	sub-CONADIE025	baseline	1	208.00423	236.351123	1	1	3	1	3	1	3	1	1	1	3	1	1
3	sub-CONADIE025	baseline	1	248.983548	284.290507	1	3	4	1	2	3	2	4	1	1	4	1	1
4	sub-CONADIE025	baseline	0	315.452889	355.098829	1	1	4	1	3	1	2	1	1	1	1	1	1
5	sub-CONADIE025	baseline	0	395.217501	428.108803	1	1	4	1	2	1	2	1	1	1	1	1	1
0	sub-CONADIE026	baseline	1	25.291912	93.077151	1	1	2	3	1	4	1	1	2	1	1	2	3
1	sub-CONADIE026	baseline	1	104.526122	151.841665	3	3	3	4	4	4	1	3	1	1	4	2	4
2	sub-CONADIE026	baseline	1	159.651364	198.597252	3	3	2	4	4	4	1	3	1	1	4	3	4
3	sub-CONADIE026	baseline	0	316.288694	356.827789	4	3	3	4	4	4	1	3	1	1	1	3	4
4	sub-CONADIE026	baseline	0	364.910276	393.25740099999996	4	3	3	4	4	4	1	4	1	1	1	3	4
5	sub-CONADIE026	baseline	0	408.990586	444.28323300000005	3	3	2	4	3	4	2	4	2	2	4	3	3
0	sub-CONADIE027	baseline	1	73.158186	128.599175	4	3	3	2	4	3	2	2	1	3	2	4	3
1	sub-CONADIE027	baseline	1	140.521691	179.457323	4	2	3	3	4	3	3	2	1	3	2	3	4
2	sub-CONADIE027	baseline	0	236.960049	272.884199	4	3	3	2	4	3	3	2	1	3	2	3	4
3	sub-CONADIE027	baseline	0	285.951866	318.122159	4	3	3	2	4	2	2	2	1	2	2	2	4
4	sub-CONADIE027	baseline	0	330.187954	365.34443	4	3	2	2	3	2	3	3	1	2	1	2	3
5	sub-CONADIE027	baseline	0	401.080061	434.484716	4	3	3	2	4	2	2	2	1	2	1	2	4
0	sub-CONADIE028	baseline	0	55.358982	112.77004799999999	4	4	4	4	4	1	3	4	1	1	4	4	3
1	sub-CONADIE028	baseline	0	140.962892	182.043544	4	4	4	4	4	1	4	4	1	1	3	4	2
2	sub-CONADIE028	baseline	0	213.573356	254.36909799999998	3	2	4	3	4	1	2	4	1	1	2	3	1
3	sub-CONADIE028	baseline	1	296.676091	334.835093	4	4	4	2	4	1	3	2	1	3	1	2	4
4	sub-CONADIE028	baseline	1	356.857053	395.08518300000003	4	2	4	3	4	1	2	1	1	1	2	2	4
5	sub-CONADIE028	baseline	1	438.90832	471.981735	4	4	4	4	4	4	4	1	1	1	3	3	4
0	sub-CONADIE029	baseline	0	30.854715	91.735672	3	1	3	1	3	1	1	1	1	1	3	1	1
1	sub-CONADIE029	baseline	0	138.369233	184.628867	3	3	3	2	4	1	4	1	1	1	3	1	3
2	sub-CONADIE029	baseline	0	209.187649	258.75764	3	3	3	3	4	1	3	1	2	1	3	1	3
3	sub-CONADIE029	baseline	1	282.300202	326.112976	3	4	3	1	4	1	3	1	2	1	3	1	3
4	sub-CONADIE029	baseline	1	392.589411	438.42341600000003	4	4	3	1	3	1	3	1	2	1	3	1	4
5	sub-CONADIE029	baseline	1	451.37363	497.656004	4	4	3	1	4	1	3	1	1	1	2	1	4
0	sub-CONADIE030	baseline	1	99.224239	151.212539	3	3	3	3	3	1	1	3	1	3	1	2	4
1	sub-CONADIE030	baseline	1	163.413246	201.054634	3	2	3	2	2	2	2	2	1	1	1	2	2
2	sub-CONADIE030	baseline	0	240.774119	273.09734100000003	2	2	3	2	2	3	1	3	2	2	2	2	2
3	sub-CONADIE030	baseline	0	285.414636	314.414929	1	2	2	1	2	3	1	2	1	2	1	2	1
4	sub-CONADIE030	baseline	0	360.999784	387.926971	1	3	3	2	2	3	2	3	1	3	3	1	2
5	sub-CONADIE030	baseline	0	416.088125	440.23723199999995	2	2	2	2	2	3	2	2	1	3	3	2	2
0	sub-CONADIE032	baseline	1	25.162577	79.45235	1	1	4	2	3	1	1	1	1	1	1	1	1
1	sub-CONADIE032	baseline	1	91.80834	140.018262	1	1	3	1	4	1	1	1	1	1	1	1	1
2	sub-CONADIE032	baseline	1	156.502027	196.715599	1	1	3	1	4	1	1	1	1	1	1	1	1
3	sub-CONADIE032	baseline	1	241.423006	277.64838100000003	1	1	4	1	4	1	1	1	1	1	1	1	1
4	sub-CONADIE032	baseline	0	301.688368	339.70023499999996	1	1	3	1	4	1	1	1	1	1	1	1	1
5	sub-CONADIE032	baseline	0	384.840051	417.23029	1	1	3	1	4	1	1	1	1	1	1	1	1
0	sub-CONADIE033	baseline	1	28.802805	83.178286	1	1	3	1	3	3	4	1	3	3	2	1	1
1	sub-CONADIE033	baseline	1	126.768733	159.040692	1	1	1	1	3	2	1	3	1	1	1	1	1
2	sub-CONADIE033	baseline	0	216.792544	253.068561	4	4	3	1	4	1	1	3	1	1	1	2	4
3	sub-CONADIE033	baseline	0	284.698323	319.323865	2	2	2	1	2	2	3	2	2	3	3	2	3
4	sub-CONADIE033	baseline	0	381.861424	409.446477	3	2	3	1	3	3	1	2	3	1	3	1	2
5	sub-CONADIE033	baseline	0	417.706596	443.758683	2	1	2	1	2	1	1	1	1	1	3	1	1
0	sub-CONADIE034	baseline	1	16.43537	71.612665	4	2	3	4	4	1	1	1	1	1	2	2	3
1	sub-CONADIE034	baseline	1	104.348354	147.608273	4	2	3	4	3	1	4	1	1	1	2	1	4
2	sub-CONADIE034	baseline	1	159.809112	202.070657	4	4	3	4	4	1	2	2	1	2	1	1	4
3	sub-CONADIE034	baseline	0	286.678971	330.427197	3	1	3	4	3	2	3	2	2	1	1	2	1
4	sub-CONADIE034	baseline	0	343.833397	388.541987	2	2	3	3	4	2	3	3	2	1	1	1	1
5	sub-CONADIE034	baseline	0	457.010821	498.36659699999996	3	4	3	4	2	3	3	2	2	1	3	1	1
0	sub-CONADIE035	baseline	1	12.438032	84.846946	2	3	4	1	4	3	3	3	1	3	4	2	4
1	sub-CONADIE035	baseline	1	132.494842	185.364235	2	4	4	2	4	4	4	4	1	4	4	3	3
2	sub-CONADIE035	baseline	1	234.436871	285.263742	1	4	4	4	4	4	4	3	1	4	4	2	2
3	sub-CONADIE035	baseline	0	337.213207	382.961628	1	3	4	3	4	4	3	3	1	3	4	4	3
4	sub-CONADIE035	baseline	0	418.064687	472.802997	1	4	4	3	3	3	3	3	1	3	3	3	3
5	sub-CONADIE035	baseline	0	488.255862	528.415847	4	4	3	3	4	3	3	3	1	3	3	2	3
0	sub-CONADIE036	baseline	0	43.984062	103.129518	4	3	4	4	3	1	1	4	1	1	4	2	1
1	sub-CONADIE036	baseline	0	118.811982	156.572823	4	4	4	4	4	1	4	4	1	1	4	4	1
2	sub-CONADIE036	baseline	0	181.133802	210.58445	4	4	4	4	4	1	4	4	1	4	4	4	1
3	sub-CONADIE036	baseline	1	268.436206	302.61016	4	4	4	4	4	1	4	4	1	4	4	4	3
4	sub-CONADIE036	baseline	1	315.633559	347.096651	4	4	4	4	4	1	4	1	1	4	4	4	4
5	sub-CONADIE036	baseline	1	433.628354	467.128722	4	4	4	4	4	1	4	1	1	4	4	4	4
0	sub-CONADIE037	baseline	0	15.671802	78.40384	1	4	3	3	1	3	2	1	3	3	2	1	3
1	sub-CONADIE037	baseline	0	120.260206	147.82880300000002	1	2	4	3	4	2	1	2	1	4	3	1	3
2	sub-CONADIE037	baseline	0	160.377161	188.14567399999999	1	1	3	3	1	2	2	2	2	2	1	2	2
3	sub-CONADIE037	baseline	1	259.691821	301.473275	4	4	4	4	4	1	4	4	1	4	1	1	4
4	sub-CONADIE037	baseline	1	317.755805	346.410678	4	4	4	4	4	4	4	4	1	4	1	1	4
5	sub-CONADIE037	baseline	1	416.873058	448.37867	4	4	4	4	3	4	4	4	1	4	1	1	4
0	sub-CONADIE038	baseline	1	8.26589	68.527571	4	1	1	1	4	1	1	1	1	1	1	1	1
1	sub-CONADIE038	baseline	1	80.608767	130.662451	4	4	4	3	4	2	1	4	1	1	1	4	4
2	sub-CONADIE038	baseline	1	163.091791	207.075106	4	3	4	4	4	3	1	4	1	2	1	4	4
3	sub-CONADIE038	baseline	1	251.738522	294.596452	3	2	4	4	3	2	1	3	1	2	2	3	4
4	sub-CONADIE038	baseline	0	353.219727	397.748522	3	3	4	4	4	3	2	4	1	2	1	3	3
5	sub-CONADIE038	baseline	0	443.406404	487.171398	3	2	3	2	3	1	2	3	1	2	2	1	3
0	sub-CONADIE040	baseline	0	29.371746	82.196706	1	3	4	4	4	2	1	4	1	1	3	2	1
1	sub-CONADIE040	baseline	0	150.040385	189.002214	4	4	3	4	4	3	1	4	1	1	3	3	1
2	sub-CONADIE040	baseline	1	215.495565	247.95029799999998	3	4	3	4	4	3	1	4	1	1	3	3	1
3	sub-CONADIE040	baseline	1	263.757201	298.226494	3	3	3	4	4	2	1	4	1	1	2	2	1
4	sub-CONADIE040	baseline	1	330.272611	365.365197	3	3	3	4	4	2	1	4	1	1	2	2	1
5	sub-CONADIE040	baseline	1	389.056269	415.87390899999997	3	4	3	4	4	3	1	4	1	1	1	2	1
0	sub-CONADIE041	baseline	0	56.620627	103.322701	4	4	4	4	4	1	1	4	1	1	1	4	1
1	sub-CONADIE041	baseline	0	134.150034	165.00571399999998	4	4	4	4	4	1	1	4	1	1	1	4	1
2	sub-CONADIE041	baseline	0	181.08928	216.86504	4	4	4	2	4	1	1	4	3	1	1	4	1
3	sub-CONADIE041	baseline	1	244.85781	270.34201	4	4	4	4	4	1	1	4	1	1	1	4	1
4	sub-CONADIE041	baseline	1	318.437346	343.46953399999995	4	4	4	4	4	4	1	4	1	1	1	4	1
5	sub-CONADIE041	baseline	1	400.653878	428.47301	4	4	4	4	4	1	1	4	1	1	2	4	3
0	sub-CONADIE042	baseline	0	69.300468	119.919334	1	3	4	3	4	1	1	4	1	4	4	4	1
1	sub-CONADIE042	baseline	0	151.448864	191.511323	1	4	4	2	4	1	1	4	1	1	4	4	1
2	sub-CONADIE042	baseline	1	231.631094	271.728261	1	4	4	1	4	2	3	4	1	3	4	4	1
3	sub-CONADIE042	baseline	1	331.69717	364.62166	1	3	4	2	3	3	4	4	1	2	4	3	1
4	sub-CONADIE042	baseline	1	392.733248	424.2043	4	4	4	4	4	3	3	4	1	3	4	4	1
5	sub-CONADIE042	baseline	1	436.053786	467.723576	4	4	4	2	4	3	3	4	1	3	4	4	1
0	sub-CONADIE043	baseline	0	16.02554	72.102359	4	4	4	4	4	1	1	4	1	4	4	1	4
1	sub-CONADIE043	baseline	0	81.086213	121.77675699999999	4	4	4	4	2	1	1	4	1	1	4	2	4
2	sub-CONADIE043	baseline	0	192.588565	236.23823299999998	4	4	4	4	4	1	3	4	1	1	4	3	4
3	sub-CONADIE043	baseline	1	272.605789	303.943673	4	4	4	4	4	2	4	4	1	4	4	3	4
4	sub-CONADIE043	baseline	1	380.717456	411.582654	4	4	4	4	4	3	4	4	1	4	4	3	4
5	sub-CONADIE043	baseline	1	427.416604	451.816235	4	4	4	4	3	3	4	4	1	4	4	3	4
0	sub-CONADIE044	baseline	1	11.691931	65.964771	2	3	3	2	3	4	2	2	1	2	3	2	4
1	sub-CONADIE044	baseline	1	144.850162	178.19021099999998	3	2	3	2	3	2	3	1	1	1	2	3	1
2	sub-CONADIE044	baseline	0	255.295892	288.497584	2	3	3	2	2	2	3	1	1	1	3	2	4
3	sub-CONADIE044	baseline	0	303.781252	333.367887	4	2	3	3	2	2	4	1	2	2	4	3	4
4	sub-CONADIE044	baseline	0	361.295045	389.614163	3	3	3	4	2	3	4	2	1	2	3	1	4
5	sub-CONADIE044	baseline	0	416.723294	444.40862	3	4	3	3	2	3	3	2	2	3	4	4	3
0	sub-CONADIE045	baseline	0	8.387711	61.246688999999996	4	2	3	2	3	1	1	1	1	1	2	1	3
1	sub-CONADIE045	baseline	0	74.66284	114.00574	4	4	3	3	4	1	1	1	1	1	3	2	4
2	sub-CONADIE045	baseline	1	243.754638	288.41606299999995	4	3	3	2	3	1	1	3	1	3	3	2	2
3	sub-CONADIE045	baseline	1	305.158284	336.739534	4	4	2	3	4	3	1	3	1	3	1	3	3
4	sub-CONADIE045	baseline	1	348.503716	382.843914	4	3	2	3	4	3	2	2	1	3	1	2	2
5	sub-CONADIE045	baseline	1	410.670168	440.023807	4	3	2	3	4	2	2	2	1	3	1	2	3
0	sub-CONADIE046	baseline	1	69.483435	128.110541	4	4	4	4	4	4	2	4	1	4	4	4	2
1	sub-CONADIE046	baseline	1	178.690742	217.98430199999999	1	4	4	3	4	4	1	4	1	2	4	4	4
2	sub-CONADIE046	baseline	0	257.225392	294.763896	1	4	4	4	4	2	2	4	4	1	4	4	4
3	sub-CONADIE046	baseline	0	327.78293	365.955619	3	4	4	4	4	4	4	4	3	1	4	4	4
4	sub-CONADIE046	baseline	0	412.422082	449.324075	1	4	4	4	4	1	1	4	1	1	4	4	4
5	sub-CONADIE046	baseline	0	460.569892	491.17625000000004	4	4	4	4	4	4	1	4	1	4	4	4	4
0	sub-CONADIE047	baseline	1	57.293855	104.42971	4	2	3	2	4	1	2	2	1	1	1	3	1
1	sub-CONADIE047	baseline	1	129.9222	169.483442	3	2	2	1	4	1	1	1	1	1	1	1	3
2	sub-CONADIE047	baseline	1	186.367298	219.724361	3	2	3	1	4	1	2	2	1	1	1	1	3
3	sub-CONADIE047	baseline	0	249.535825	284.345055	2	2	2	1	2	2	1	1	1	2	2	1	3
4	sub-CONADIE047	baseline	0	331.08794	367.33045699999997	3	3	2	2	2	3	2	1	2	1	2	1	3
5	sub-CONADIE047	baseline	0	380.831095	417.705491	1	3	3	1	1	3	1	1	3	1	1	2	3
0	sub-CONADIE048	baseline	1	16.610933	77.787753	4	3	3	4	4	4	2	1	1	4	1	3	4
1	sub-CONADIE048	baseline	1	100.062298	146.010406	4	3	3	3	3	2	1	1	2	3	2	2	4
2	sub-CONADIE048	baseline	1	154.824341	197.953633	2	2	3	3	2	2	2	2	3	2	2	1	3
3	sub-CONADIE048	baseline	1	221.505263	264.358193	3	3	3	3	2	2	1	1	2	3	1	1	4
4	sub-CONADIE048	baseline	1	277.443465	318.185748	1	2	3	3	2	2	1	1	2	3	3	2	4
5	sub-CONADIE048	baseline	0	379.569937	418.218003	1	1	3	3	2	2	2	1	2	2	3	2	1
0	sub-CONADIE050	baseline	1	19.958098	65.15899999999999	3	1	3	2	3	4	4	3	1	1	4	2	3
1	sub-CONADIE050	baseline	1	81.843361	120.40518300000001	3	3	3	2	4	1	1	4	1	1	1	3	4
2	sub-CONADIE050	baseline	1	184.596874	216.834934	2	1	3	1	4	1	1	2	1	1	1	2	3
3	sub-CONADIE050	baseline	0	330.483398	369.41119	3	2	2	1	3	1	1	2	3	1	2	1	3
4	sub-CONADIE050	baseline	0	378.778545	414.081534	1	1	3	2	3	1	1	3	4	3	2	1	3
5	sub-CONADIE050	baseline	0	429.817362	461.753507	3	1	3	1	2	1	3	2	3	2	3	2	3
0	sub-CONADIE051	baseline	1	57.902623	111.97733000000001	1	1	2	1	2	1	1	2	1	1	2	1	2
1	sub-CONADIE051	baseline	1	128.116395	169.141501	1	2	3	2	4	2	1	1	1	1	1	1	2
2	sub-CONADIE051	baseline	1	198.107373	237.831324	3	3	3	3	3	2	2	2	1	2	2	3	3
3	sub-CONADIE051	baseline	0	258.19109	295.795585	2	2	2	2	3	2	1	2	1	2	2	2	2
4	sub-CONADIE051	baseline	0	358.066959	390.77302399999996	3	3	3	2	3	3	2	2	2	2	3	2	2
5	sub-CONADIE051	baseline	0	440.76998	478.662556	1	3	3	2	1	3	2	2	3	2	3	3	2
0	sub-CONADIE052	baseline	0	61.59603	169.615218	4	4	4	1	4	1	1	4	1	1	4	1	1
1	sub-CONADIE052	baseline	1	248.266867	308.695609	4	4	4	1	4	1	4	4	1	1	4	4	1
2	sub-CONADIE052	baseline	1	324.495941	371.364404	4	4	4	1	4	1	1	4	1	1	4	4	1
3	sub-CONADIE052	baseline	1	426.912736	467.19424999999995	4	4	4	1	4	1	1	4	1	1	4	4	1
4	sub-CONADIE052	baseline	1	479.15914	513.914858	4	4	4	1	4	1	1	4	1	1	4	4	1
5	sub-CONADIE052	baseline	1	529.654574	562.87171	4	4	4	1	4	1	1	4	1	1	4	4	1
0	sub-CONADIE060	baseline	1	32.240973	128.083425	2	4	3	2	4	2	2	2	1	1	3	2	4
1	sub-CONADIE060	baseline	1	155.242978	259.89203	3	3	3	3	4	3	2	2	1	1	2	3	4
2	sub-CONADIE060	baseline	1	272.592592	337.289278	2	3	3	3	3	1	1	3	1	2	1	3	3
3	sub-CONADIE060	baseline	0	433.359383	478.72262600000005	2	3	3	3	3	1	2	3	1	1	1	3	3
4	sub-CONADIE060	baseline	0	487.189331	542.6421310000001	2	3	2	3	2	2	2	2	2	2	2	3	3
5	sub-CONADIE060	baseline	0	600.529666	642.907666	2	3	2	3	2	1	2	2	1	2	2	3	3
0	sub-CONADIE063	baseline	0	12.072245	61.390011	2	1	1	1	1	2	1	2	1	1	1	1	1
1	sub-CONADIE063	baseline	0	149.732866	184.190202	4	3	3	2	3	1	1	3	1	1	1	3	1
2	sub-CONADIE063	baseline	1	215.361361	249.627746	4	2	1	1	2	1	2	3	1	1	1	1	1
3	sub-CONADIE063	baseline	1	258.755025	289.29371199999997	3	1	2	1	2	1	1	3	1	1	1	1	1
4	sub-CONADIE063	baseline	1	330.450265	360.435507	4	4	4	1	4	1	4	4	1	1	4	4	1
5	sub-CONADIE063	baseline	1	376.836166	406.12316599999997	4	4	4	3	4	1	4	4	1	1	1	3	1
0	sub-CONADIE064	baseline	1	28.220702	78.291039	1	2	3	1	4	1	2	2	1	1	2	1	4
1	sub-CONADIE064	baseline	1	160.978914	206.963774	3	2	4	1	2	3	3	4	4	4	4	3	3
2	sub-CONADIE064	baseline	0	237.425389	273.735343	1	1	4	1	3	3	4	3	4	3	3	2	2
3	sub-CONADIE064	baseline	0	301.537106	335.70255799999995	1	1	3	1	2	1	4	4	4	4	2	2	1
4	sub-CONADIE064	baseline	0	381.661135	417.219203	1	1	2	1	3	3	4	4	4	4	3	2	3
5	sub-CONADIE064	baseline	0	442.496846	473.882978	1	1	3	1	3	1	2	1	1	1	1	1	4
0	sub-CONADIE065	baseline	1	13.027822	46.883074	2	2	3	3	1	2	2	1	1	2	4	2	3
1	sub-CONADIE065	baseline	1	86.004783	121.578987	1	4	4	1	4	4	2	1	1	1	1	4	4
2	sub-CONADIE065	baseline	1	134.434902	166.716548	2	3	4	3	4	1	4	1	1	1	4	2	4
3	sub-CONADIE065	baseline	0	310.213555	345.34862699999996	3	3	4	1	3	2	2	3	4	3	4	3	4
4	sub-CONADIE065	baseline	0	357.154102	381.078375	1	3	2	2	1	2	2	3	3	2	4	2	3
5	sub-CONADIE065	baseline	0	396.911119	412.371182	3	3	2	2	2	3	2	2	3	2	3	3	4
0	sub-CONADIE066	baseline	1	15.011597	116.591131	4	2	3	1	3	1	3	2	1	2	1	1	4
1	sub-CONADIE066	baseline	1	173.174276	226.566449	4	4	3	3	4	1	1	4	1	1	1	1	1
2	sub-CONADIE066	baseline	0	288.888555	335.54056599999996	4	4	4	4	4	1	3	1	1	1	1	1	4
3	sub-CONADIE066	baseline	0	345.051138	382.862787	4	4	4	1	4	1	3	2	1	1	1	1	4
4	sub-CONADIE066	baseline	0	447.237117	499.093584	1	4	2	3	1	4	3	1	1	2	4	3	1
5	sub-CONADIE066	baseline	0	508.153933	547.449973	1	1	4	1	3	4	3	1	1	1	1	2	4
0	sub-CONADIE067	baseline	0	11.936663	76.63547200000001	1	1	1	1	1	1	4	1	1	1	1	1	1
1	sub-CONADIE067	baseline	0	86.046881	111.881366	1	1	1	1	1	1	1	1	1	1	1	1	1
2	sub-CONADIE067	baseline	0	135.287323	162.640308	1	1	1	1	1	1	1	1	1	1	1	1	1
3	sub-CONADIE067	baseline	0	175.246424	215.133981	1	1	1	1	1	1	1	1	1	1	1	1	1
4	sub-CONADIE067	baseline	1	352.136059	400.438375	2	4	2	3	3	3	3	2	2	2	2	2	3
5	sub-CONADIE067	baseline	1	435.512493	476.585191	2	4	2	2	3	2	4	3	3	2	3	2	2
0	sub-CONADIE068	baseline	1	12.376751	117.441166	4	4	3	4	2	4	1	4	1	1	4	4	1
1	sub-CONADIE068	baseline	1	178.513462	236.455552	4	2	4	4	4	1	4	4	1	1	4	4	2
2	sub-CONADIE068	baseline	1	249.355612	305.612304	4	3	4	3	4	1	4	4	1	1	4	4	3
3	sub-CONADIE068	baseline	0	382.529485	442.14136099999996	4	4	3	3	2	1	4	2	1	1	4	4	4
4	sub-CONADIE068	baseline	0	490.617845	530.680816	4	4	4	2	3	4	3	2	1	1	4	4	3
5	sub-CONADIE068	baseline	0	559.013416	609.996012	2	4	4	4	4	4	4	3	2	2	4	4	2
0	sub-CONADIE069	baseline	1	16.56097	117.458297	1	2	3	1	4	2	1	3	2	1	3	2	3
1	sub-CONADIE069	baseline	0	277.293066	324.946551	1	2	3	2	4	2	2	3	3	2	3	3	2
2	sub-CONADIE069	baseline	0	336.546476	377.13982100000004	1	1	3	2	3	2	2	3	3	2	2	3	2
3	sub-CONADIE069	baseline	0	385.75015	427.41470300000003	1	1	3	1	4	2	2	2	2	1	2	2	2
4	sub-CONADIE069	baseline	0	456.225013	496.92226300000004	1	2	3	1	3	3	2	3	1	2	2	3	4
5	sub-CONADIE069	baseline	0	513.455305	545.9295430000001	1	1	3	1	3	4	2	3	3	1	3	2	2
