participant_id	ses	nBack	acc	respRT
sub-ADIE001	3mf	0	1.0	1.4769991999999998
sub-ADIE001	3mf	1	1.0	1.86907875
sub-ADIE001	3mf	overall	1.0	1.6512567777777776
sub-ADIE001	baseline	0	0.0	
sub-ADIE001	baseline	1	0.5	1.818749
sub-ADIE001	baseline	overall	0.2222222222222222	1.818749
sub-ADIE002	3mf	0	1.0	0.97899
sub-ADIE002	3mf	1	1.0	1.5520950000000002
sub-ADIE002	3mf	overall	1.0	1.1700249999999999
sub-ADIE002	baseline	0	1.0	1.2937356
sub-ADIE002	baseline	1	0.75	1.8062189999999998
sub-ADIE002	baseline	overall	0.8888888888888888	1.485916875
sub-ADIE002	1yf	0	1.0	0.9005652
sub-ADIE002	1yf	1	1.0	1.34171025
sub-ADIE002	1yf	overall	1.0	1.0966296666666666
sub-ADIE005	3mf	0	1.0	0.7575293999999999
sub-ADIE005	3mf	1	1.0	1.05026125
sub-ADIE005	3mf	overall	1.0	0.8876324444444443
sub-ADIE005	baseline	0	1.0	1.024772
sub-ADIE005	baseline	1	1.0	1.0747661999999998
sub-ADIE005	baseline	overall	1.0	1.0525465555555555
sub-ADIE005	1yf	0	1.0	0.738074
sub-ADIE005	1yf	1	1.0	0.9780798
sub-ADIE005	1yf	overall	1.0	0.8714105555555557
sub-ADIE012	3mf	0	1.0	0.83380075
sub-ADIE012	3mf	1	1.0	1.4010224
sub-ADIE012	3mf	overall	1.0	1.1489238888888886
sub-ADIE012	1yf	0	1.0	0.8960606
sub-ADIE012	1yf	1	0.75	1.047041
sub-ADIE012	1yf	overall	0.8888888888888888	0.9526782500000001
sub-ADIE015	3mf	0	0.25	1.744149
sub-ADIE015	3mf	1	0.8	0.13476239999999998
sub-ADIE015	3mf	overall	0.5555555555555556	0.4029935
sub-ADIE015	1yf	0	0.0	
sub-ADIE015	1yf	1	1.0	1.75629525
sub-ADIE015	1yf	overall	0.4444444444444444	1.75629525
sub-ADIE018	3mf	0	0.0	
sub-ADIE018	3mf	1	0.75	1.3336063333333332
sub-ADIE018	3mf	overall	0.3333333333333333	1.3336063333333332
sub-ADIE018	baseline	0	1.0	0.9603299999999999
sub-ADIE018	baseline	1	0.5	1.374641
sub-ADIE018	baseline	overall	0.7777777777777778	1.0787045714285715
sub-ADIE019	3mf	0	1.0	1.232617
sub-ADIE019	3mf	1	1.0	1.0940348333333334
sub-ADIE019	3mf	overall	1.0	1.140228888888889
sub-ADIE019	baseline	0	1.0	1.1200405
sub-ADIE019	baseline	1	1.0	1.4680556
sub-ADIE019	baseline	overall	1.0	1.3133822222222225
sub-ADIE019	1yf	0	1.0	0.9808942
sub-ADIE019	1yf	1	1.0	1.1730857499999998
sub-ADIE019	1yf	overall	1.0	1.0663126666666665
sub-ADIE028	3mf	0	0.5	1.4954935
sub-ADIE028	3mf	1	1.0	1.6267562000000002
sub-ADIE028	3mf	overall	0.7777777777777778	1.5892525714285715
sub-ADIE028	baseline	0	0.6	1.6762916666666667
sub-ADIE028	baseline	1	0.75	1.747023
sub-ADIE028	baseline	overall	0.6666666666666666	1.7167095714285716
sub-ADIE028	1yf	0	0.5	1.5927565000000001
sub-ADIE028	1yf	1	1.0	1.5951944
sub-ADIE028	1yf	overall	0.7777777777777778	1.594497857142857
sub-ADIE032	3mf	0	0.4	1.694218
sub-ADIE032	3mf	1	0.75	1.6587773333333333
sub-ADIE032	3mf	overall	0.5555555555555556	1.6729536
sub-ADIE032	baseline	0	0.0	
sub-ADIE032	baseline	1	0.3333333333333333	1.9357535000000001
sub-ADIE032	baseline	overall	0.2222222222222222	1.9357535000000001
sub-ADIE040	3mf	0	1.0	1.2060816
sub-ADIE040	3mf	1	0.5	2.0146509999999997
sub-ADIE040	3mf	overall	0.7777777777777778	1.4371014285714288
sub-ADIE040	baseline	0	1.0	1.4036948333333334
sub-ADIE040	baseline	1	0.3333333333333333	1.881121
sub-ADIE040	baseline	overall	0.7777777777777778	1.4718985714285713
sub-ADIE040	1yf	0	1.0	1.0225055
sub-ADIE040	1yf	1	0.4	1.8618629999999998
sub-ADIE040	1yf	overall	0.6666666666666666	1.3822301428571426
sub-ADIE041	3mf	0	1.0	1.1225651666666667
sub-ADIE041	3mf	1	1.0	1.6856236666666666
sub-ADIE041	3mf	overall	1.0	1.3102513333333334
sub-ADIE041	baseline	0	1.0	1.1774736666666665
sub-ADIE041	baseline	1	0.8333333333333334	1.6801846
sub-ADIE041	baseline	overall	0.8888888888888888	1.4916680000000002
sub-ADIE041	1yf	0	1.0	0.9819488
sub-ADIE041	1yf	1	0.75	1.784962
sub-ADIE041	1yf	overall	0.8888888888888888	1.2830787499999998
sub-ADIE058	3mf	0	0.8333333333333334	1.7420563999999998
sub-ADIE058	3mf	1	0.3333333333333333	2.257499
sub-ADIE058	3mf	overall	0.6666666666666666	1.8279634999999999
sub-ADIE058	1yf	0	0.8	1.58145275
sub-ADIE058	1yf	1	1.0	1.8427825000000002
sub-ADIE058	1yf	overall	0.8888888888888888	1.712117625
sub-ADIE094	3mf	0	1.0	1.4575136666666666
sub-ADIE094	3mf	1	1.0	1.431993
sub-ADIE094	3mf	overall	1.0	1.440499888888889
sub-ADIE094	baseline	0	0.3333333333333333	1.47787
sub-ADIE094	baseline	1	0.16666666666666666	2.0324809999999998
sub-ADIE094	baseline	overall	0.2222222222222222	1.8476106666666665
sub-ADIE106	3mf	0	0.4	2.2688930000000003
sub-ADIE106	3mf	1	0.0	
sub-ADIE106	3mf	overall	0.2222222222222222	2.2688930000000003
sub-ADIE106	1yf	0	0.5	1.3715575
sub-ADIE106	1yf	1	0.2	1.851813
sub-ADIE106	1yf	overall	0.3333333333333333	1.6116852499999998
sub-ADIE107	3mf	0	0.0	
sub-ADIE107	3mf	1	0.0	
sub-ADIE107	3mf	overall	0.0	
sub-ADIE107	baseline	0	0.0	
sub-ADIE107	baseline	1	0.3333333333333333	2.169462
sub-ADIE107	baseline	overall	0.1111111111111111	2.169462
sub-ADIE107	1yf	0	0.0	
sub-ADIE107	1yf	1	0.0	
sub-ADIE107	1yf	overall	0.0	
sub-ADIE113	3mf	0	0.8333333333333334	0.8953183333333333
sub-ADIE113	3mf	1	0.6666666666666666	1.62785
sub-ADIE113	3mf	overall	0.7777777777777778	1.0784512499999999
sub-ADIE113	baseline	0	0.5	1.191577
sub-ADIE113	baseline	1	0.8	2.06074325
sub-ADIE113	baseline	overall	0.6666666666666666	1.7710211666666666
sub-ADIE116	3mf	0	0.6	1.600342333333333
sub-ADIE116	3mf	1	0.75	1.8025233333333333
sub-ADIE116	3mf	overall	0.6666666666666666	1.7014328333333333
sub-ADIE118	3mf	0	1.0	0.7089409999999999
sub-ADIE118	3mf	1	1.0	1.0077162
sub-ADIE118	3mf	overall	1.0	0.8749272222222222
sub-ADIE118	baseline	0	0.8333333333333334	0.9741794
sub-ADIE118	baseline	1	0.6666666666666666	1.470401
sub-ADIE118	baseline	overall	0.7777777777777778	1.115957
sub-ADIE118	1yf	0	1.0	0.7146554
sub-ADIE118	1yf	1	1.0	1.0267140000000001
sub-ADIE118	1yf	overall	1.0	0.8533481111111112
sub-ADIE125	3mf	0	1.0	0.7687381999999999
sub-ADIE125	3mf	1	1.0	1.2442130000000002
sub-ADIE125	3mf	overall	1.0	0.9800603333333334
sub-ADIE125	baseline	0	1.0	0.7055400000000001
sub-ADIE125	baseline	1	1.0	1.3837456666666668
sub-ADIE125	baseline	overall	1.0	0.9316085555555556
sub-ADIE125	1yf	0	1.0	0.77391875
sub-ADIE125	1yf	1	1.0	1.0403722
sub-ADIE125	1yf	overall	1.0	0.9219484444444443
sub-ADIE126	baseline	0	1.0	0.863723
sub-ADIE126	baseline	1	1.0	1.5511979999999999
sub-ADIE126	baseline	overall	1.0	1.1692674444444444
sub-ADIE126	1yf	0	1.0	1.7476413333333332
sub-ADIE126	1yf	1	0.6666666666666666	1.6999024999999999
sub-ADIE126	1yf	overall	0.8888888888888888	1.7357066249999997
sub-ADIE126	3mf	0	1.0	1.0874907999999999
sub-ADIE126	3mf	1	1.0	1.1604610000000002
sub-ADIE126	3mf	overall	1.0	1.1199219999999999
sub-ADIE129	baseline	0	0.0	1.0069441666666668
sub-ADIE129	baseline	1	0.0	1.7286205
sub-ADIE129	baseline	overall	0.0	1.1873632499999998
sub-ADIE131	3mf	0	0.8333333333333334	0.881072
sub-ADIE131	3mf	1	1.0	1.6308926666666668
sub-ADIE131	3mf	overall	0.8888888888888888	1.1622547500000002
sub-ADIE131	baseline	0	0.3333333333333333	1.97487275
sub-ADIE131	baseline	1	0.6666666666666666	1.6293965
sub-ADIE131	baseline	overall	0.4444444444444444	1.859714
sub-ADIE131	1yf	0	1.0	1.2629195
sub-ADIE131	1yf	1	0.8	1.8686547500000001
sub-ADIE131	1yf	overall	0.8888888888888888	1.565787125
sub-ADIE135	1yf	0	1.0	1.3442386666666666
sub-ADIE135	1yf	1	1.0	1.7724246666666665
sub-ADIE135	1yf	overall	1.0	1.4869673333333333
sub-ADIE135	3mf	0	0.6	1.5172166666666664
sub-ADIE135	3mf	1	1.0	1.1735562499999999
sub-ADIE135	3mf	overall	0.7777777777777778	1.3208392857142857
sub-ADIE135	baseline	0	1.0	1.37796875
sub-ADIE135	baseline	1	0.8	1.0235855
sub-ADIE135	baseline	overall	0.8888888888888888	1.200777125
sub-ADIE138	3mf	0	0.0	
sub-ADIE138	3mf	1	0.3333333333333333	1.7658873333333334
sub-ADIE138	3mf	overall	0.2222222222222222	1.7658873333333334
sub-ADIE138	1yf	0	1.0	1.1305699999999999
sub-ADIE138	1yf	1	0.5	1.6840303333333333
sub-ADIE138	1yf	overall	0.6666666666666666	1.4073001666666667
sub-ADIE140	baseline	0	0.0	1.71038675
sub-ADIE140	baseline	1	0.0	2.01689
sub-ADIE140	baseline	overall	0.0	1.8417452857142855
sub-ADIE141	baseline	0	0.0	
sub-ADIE141	baseline	1	0.0	
sub-ADIE141	baseline	overall	0.0	
sub-ADIE143	1yf	0	0.75	1.7197973333333334
sub-ADIE143	1yf	1	0.8	1.503003
sub-ADIE143	1yf	overall	0.7777777777777778	1.5959148571428572
sub-ADIE143	3mf	0	0.0	1.9764386666666667
sub-ADIE143	3mf	1	0.0	1.489822
sub-ADIE143	3mf	overall	0.0	1.6723032499999997
sub-ADIE143	baseline	0	0.8	1.249969
sub-ADIE143	baseline	1	1.0	1.5196659999999997
sub-ADIE143	baseline	overall	0.8888888888888888	1.3848175000000003
sub-ADIE144	baseline	0	0.0	1.2708053333333333
sub-ADIE144	baseline	1	0.0	1.9124679999999998
sub-ADIE144	baseline	overall	0.0	1.5916366666666668
sub-ADIE145	3mf	0	1.0	1.36973125
sub-ADIE145	3mf	1	0.8	1.6855347999999999
sub-ADIE145	3mf	overall	0.8888888888888888	1.5451776666666666
sub-ADIE145	baseline	0	0.75	0.9646392500000001
sub-ADIE145	baseline	1	0.6	1.4114436666666668
sub-ADIE145	baseline	overall	0.6666666666666666	1.1561268571428571
sub-ADIE147	baseline	0	0.75	1.611358
sub-ADIE147	baseline	1	1.0	1.8505189999999998
sub-ADIE147	baseline	overall	0.8888888888888888	1.7608336249999998
sub-ADIE147	3mf	0	0.75	1.6972593333333332
sub-ADIE147	3mf	1	1.0	1.3568798000000002
sub-ADIE147	3mf	overall	0.8888888888888888	1.4845221249999998
sub-ADIE148	3mf	0	1.0	1.5878997500000003
sub-ADIE148	3mf	1	0.8	1.7482389999999999
sub-ADIE148	3mf	overall	0.8888888888888888	1.6680693750000002
sub-ADIE148	baseline	0	1.0	1.1958833333333334
sub-ADIE148	baseline	1	0.0	
sub-ADIE148	baseline	overall	0.6666666666666666	1.1958833333333334
sub-ADIE149	baseline	0	1.0	0.62383275
sub-ADIE149	baseline	1	1.0	1.0169658000000001
sub-ADIE149	baseline	overall	1.0	0.8422400000000001
sub-ADIE150	baseline	0	1.0	1.67407225
sub-ADIE150	baseline	1	1.0	1.170504
sub-ADIE150	baseline	overall	1.0	1.394312111111111
sub-ADIE151	3mf	0	1.0	1.28376575
sub-ADIE151	3mf	1	0.4	1.543065
sub-ADIE151	3mf	overall	0.6666666666666666	1.3701988333333335
sub-ADIE151	baseline	0	0.0	1.720297
sub-ADIE151	baseline	1	1.0	1.29752175
sub-ADIE151	baseline	overall	0.4444444444444444	1.3820767999999997
sub-ADIE152	baseline	0	1.0	1.19598825
sub-ADIE152	baseline	1	0.2	-0.215933
sub-ADIE152	baseline	overall	0.5555555555555556	0.9136040000000001
sub-ADIE157	3mf	0	0.8333333333333334	1.7415943999999999
sub-ADIE157	3mf	1	1.0	1.7049389999999998
sub-ADIE157	3mf	overall	0.8888888888888888	1.727848625
sub-ADIE157	baseline	0	0.8571428571428571	1.6962066666666666
sub-ADIE157	baseline	1	0.0	
sub-ADIE157	baseline	overall	0.6666666666666666	1.6962066666666666
sub-ADIE159	3mf	0	0.75	1.2295113333333332
sub-ADIE159	3mf	1	1.0	1.3407402000000002
sub-ADIE159	3mf	overall	0.8888888888888888	1.2990293750000002
sub-ADIE159	baseline	0	1.0	1.0552923333333335
sub-ADIE159	baseline	1	1.0	1.3577058333333332
sub-ADIE159	baseline	overall	1.0	1.2569013333333332
sub-ADIE166	3mf	0	1.0	1.4764276666666667
sub-ADIE166	3mf	1	0.8333333333333334	1.9161927999999997
sub-ADIE166	3mf	overall	0.8888888888888888	1.751280875
sub-ADIE166	baseline	0	1.0	1.8369275
sub-ADIE166	baseline	1	1.0	1.6212962000000002
sub-ADIE166	baseline	overall	1.0	1.7171323333333335
sub-ADIE169	baseline	0	1.0	1.559222
sub-ADIE169	baseline	1	0.75	1.795857
sub-ADIE169	baseline	overall	0.8888888888888888	1.647960125
sub-ADIE176	baseline	0	0.75	1.0942113333333332
sub-ADIE176	baseline	1	0.6	1.4425686666666666
sub-ADIE176	baseline	overall	0.6666666666666666	1.26839
sub-ADIE177	baseline	0	1.0	1.1479283333333332
sub-ADIE177	baseline	1	1.0	1.3013141666666665
sub-ADIE177	baseline	overall	1.0	1.2501855555555557
sub-ADIE178	baseline	0	0.0	
sub-ADIE178	baseline	1	0.5	1.7710266666666665
sub-ADIE178	baseline	overall	0.3333333333333333	1.7710266666666665
sub-ADIE178	3mf	0	1.0	1.1024598
sub-ADIE178	3mf	1	1.0	1.72538925
sub-ADIE178	3mf	overall	1.0	1.3793173333333333
sub-ADIE179	3mf	0	1.0	0.9730970000000001
sub-ADIE179	3mf	1	1.0	1.4591986
sub-ADIE179	3mf	overall	1.0	1.2431534444444443
sub-ADIE179	baseline	0	1.0	1.1547383333333334
sub-ADIE179	baseline	1	0.3333333333333333	1.547326
sub-ADIE179	baseline	overall	0.7777777777777778	1.2108222857142859
sub-ADIE180	3mf	0	0.8	1.443366
sub-ADIE180	3mf	1	0.75	1.8853423333333332
sub-ADIE180	3mf	overall	0.7777777777777778	1.6327844285714284
sub-ADIE180	baseline	0	0.75	1.7789553333333334
sub-ADIE180	baseline	1	0.6	2.080732333333333
sub-ADIE180	baseline	overall	0.6666666666666666	1.9298438333333332
sub-ADIE184	3mf	0	1.0	0.7693781999999999
sub-ADIE184	3mf	1	1.0	0.9287110000000001
sub-ADIE184	3mf	overall	1.0	0.8401927777777778
sub-ADIE184	baseline	0	1.0	0.9623741666666666
sub-ADIE184	baseline	1	1.0	1.2079076666666666
sub-ADIE184	baseline	overall	1.0	1.0442186666666666
sub-ADIE185	3mf	0	0.8	1.563401
sub-ADIE185	3mf	1	0.25	2.10803
sub-ADIE185	3mf	overall	0.5555555555555556	1.6723268
sub-ADIE185	baseline	0	1.0	1.21367275
sub-ADIE185	baseline	1	0.8	1.48014075
sub-ADIE185	baseline	overall	0.8888888888888888	1.34690675
sub-ADIE190	3mf	0	0.8333333333333334	1.4057984
sub-ADIE190	3mf	1	0.6666666666666666	1.254223
sub-ADIE190	3mf	overall	0.7777777777777778	1.362491142857143
sub-ADIE190	baseline	0	0.75	2.0963359999999995
sub-ADIE190	baseline	1	0.8	1.9727475
sub-ADIE190	baseline	overall	0.7777777777777778	2.025714
sub-ADIE199	baseline	0	0.6666666666666666	1.442155
sub-ADIE199	baseline	1	0.8333333333333334	1.7294873333333334
sub-ADIE199	baseline	overall	0.7777777777777778	1.65765425
sub-ADIE203	3mf	0	0.8333333333333334	0.9658899999999999
sub-ADIE203	3mf	1	1.0	1.4747786666666667
sub-ADIE203	3mf	overall	0.8888888888888888	1.1355195555555555
sub-ADIE203	baseline	0	1.0	1.2766743999999999
sub-ADIE203	baseline	1	1.0	1.379086
sub-ADIE203	baseline	overall	1.0	1.3221906666666667
sub-ADIE211	3mf	0	1.0	1.9317900000000001
sub-ADIE211	3mf	1	0.0	
sub-ADIE211	3mf	overall	0.5555555555555556	1.9317900000000001
sub-ADIE211	baseline	0	1.0	1.8172843333333335
sub-ADIE211	baseline	1	0.3333333333333333	2.243879
sub-ADIE211	baseline	overall	0.7777777777777778	1.8782264285714287
sub-ADIE212	baseline	0	1.0	0.8070905
sub-ADIE212	baseline	1	1.0	1.898411
sub-ADIE212	baseline	overall	1.0	0.9283483333333334
sub-ADIE214	baseline	0	0.8	1.409986
sub-ADIE214	baseline	1	0.5	1.8345440000000002
sub-ADIE214	baseline	overall	0.6666666666666666	1.551505333333333
sub-ADIE222	3mf	0	1.0	1.2721415
sub-ADIE222	3mf	1	0.6	1.8248449999999998
sub-ADIE222	3mf	overall	0.7777777777777778	1.5090144285714284
sub-ADIE222	baseline	0	0.6	1.3245613333333335
sub-ADIE222	baseline	1	1.0	1.43373625
sub-ADIE222	baseline	overall	0.7777777777777778	1.386947
sub-ADIE224	baseline	0	0.8	1.5833104999999998
sub-ADIE224	baseline	1	0.25	2.095185
sub-ADIE224	baseline	overall	0.5555555555555556	1.6856854000000001
sub-ADIE225	baseline	0	0.0	-0.25476166666666666
sub-ADIE225	baseline	1	0.5	0.5432185
sub-ADIE225	baseline	overall	0.3333333333333333	0.20122700000000002
sub-ADIE227	baseline	0	0.75	1.2407186666666667
sub-ADIE227	baseline	1	0.8	1.58199
sub-ADIE227	baseline	overall	0.7777777777777778	1.4357308571428573
sub-ADIE234	baseline	0	0.3333333333333333	2.0195540000000003
sub-ADIE234	baseline	1	0.0	
sub-ADIE234	baseline	overall	0.2222222222222222	2.0195540000000003
sub-ADIE235	3mf	0	1.0	1.2463965
sub-ADIE235	3mf	1	1.0	1.3066096000000003
sub-ADIE235	3mf	overall	1.0	1.2798482222222223
sub-ADIE235	baseline	0	1.0	1.263355
sub-ADIE235	baseline	1	0.8333333333333334	1.2052958
sub-ADIE235	baseline	overall	0.8888888888888888	1.227068
sub-ADIE238	3mf	0	1.0	0.7749619999999999
sub-ADIE238	3mf	1	1.0	1.907042
sub-ADIE238	3mf	overall	1.0	1.1523219999999998
sub-ADIE238	baseline	0	1.0	0.8003346
sub-ADIE238	baseline	1	0.5	1.5827445
sub-ADIE238	baseline	overall	0.7777777777777778	1.0238802857142857
sub-ADIE240	baseline	0	1.0	1.6678711999999998
sub-ADIE240	baseline	1	0.5	1.871597
sub-ADIE240	baseline	overall	0.7777777777777778	1.7260785714285716
sub-ADIE242	3mf	0	1.0	0.903955
sub-ADIE242	3mf	1	1.0	1.1861443999999999
sub-ADIE242	3mf	overall	1.0	1.060726888888889
sub-ADIE242	baseline	0	1.0	0.9299964000000001
sub-ADIE242	baseline	1	1.0	0.9062662499999999
sub-ADIE242	baseline	overall	1.0	0.9194496666666667
sub-ADIE245	baseline	0	0.8	1.323082
sub-ADIE245	baseline	1	0.25	1.572919
sub-ADIE245	baseline	overall	0.5555555555555556	1.3730494
sub-ADIE247	3mf	0	1.0	1.16844125
sub-ADIE247	3mf	1	1.0	0.8863412
sub-ADIE247	3mf	overall	1.0	1.011719
sub-ADIE247	baseline	0	0.75	0.8379393333333333
sub-ADIE247	baseline	1	1.0	0.9175088
sub-ADIE247	baseline	overall	0.8888888888888888	0.8876702499999999
sub-ADIE251	3mf	0	1.0	1.0469431999999999
sub-ADIE251	3mf	1	1.0	1.9616
sub-ADIE251	3mf	overall	1.0	1.4534573333333336
sub-ADIE252	baseline	0	1.0	0.7933642
sub-ADIE252	baseline	1	1.0	1.17893475
sub-ADIE252	baseline	overall	1.0	0.964728888888889
sub-ADIE255	3mf	0	0.75	0.83307025
sub-ADIE255	3mf	1	1.0	1.0175
sub-ADIE255	3mf	overall	0.8888888888888888	0.9355312222222223
sub-ADIE255	baseline	0	1.0	0.74604125
sub-ADIE255	baseline	1	1.0	1.436194
sub-ADIE255	baseline	overall	1.0	1.1294594444444443
sub-ADIE256	3mf	0	1.0	0.81473175
sub-ADIE256	3mf	1	0.4	1.7549264
sub-ADIE256	3mf	overall	0.6666666666666666	1.3370621111111112
sub-ADIE256	baseline	0	1.0	1.1700358
sub-ADIE256	baseline	1	0.5	1.3674715
sub-ADIE256	baseline	overall	0.7777777777777778	1.226446
sub-ADIE262	baseline	0	1.0	1.208346
sub-ADIE262	baseline	1	0.75	1.508081
sub-ADIE262	baseline	overall	0.8888888888888888	1.320746625
sub-ADIE264	baseline	0	1.0	1.166436
sub-ADIE264	baseline	1	1.0	1.2343738000000002
sub-ADIE264	baseline	overall	1.0	1.204179222222222
sub-ADIE272	baseline	0	0.8	0.87572575
sub-ADIE272	baseline	1	0.75	1.7729406666666667
sub-ADIE272	baseline	overall	0.7777777777777778	1.2602464285714288
sub-ADIE275	baseline	0	1.0	0.8343906000000001
sub-ADIE275	baseline	1	1.0	1.20803525
sub-ADIE275	baseline	overall	1.0	1.000454888888889
sub-ADIE276	baseline	0	0.5	1.506048
sub-ADIE276	baseline	1	0.0	
sub-ADIE276	baseline	overall	0.2222222222222222	1.506048
sub-ADIE277	baseline	0	1.0	1.0336896000000002
sub-ADIE277	baseline	1	0.75	1.5885053333333332
sub-ADIE277	baseline	overall	0.8888888888888888	1.2417454999999997
sub-ADIE286	baseline	0	1.0	1.51612
sub-ADIE286	baseline	1	1.0	1.6520898333333334
sub-ADIE286	baseline	overall	1.0	1.6067665555555555
sub-ADIE287	3mf	0	0.5	2.037945
sub-ADIE287	3mf	1	0.8	1.468216
sub-ADIE287	3mf	overall	0.6666666666666666	1.6581256666666668
sub-ADIE287	baseline	0	0.0	
sub-ADIE287	baseline	1	1.0	1.8337238
sub-ADIE287	baseline	overall	0.5555555555555556	1.8337238
sub-ADIE294	baseline	0	1.0	1.1479683999999999
sub-ADIE294	baseline	1	0.5	1.950326
sub-ADIE294	baseline	overall	0.7777777777777778	1.3772134285714286
sub-ADIE296	baseline	0	0.0	
sub-ADIE296	baseline	1	0.75	1.9789180000000002
sub-ADIE296	baseline	overall	0.3333333333333333	1.9789180000000002
sub-ADIE299	baseline	0	1.0	0.8207939999999999
sub-ADIE299	baseline	1	1.0	1.2767126
sub-ADIE299	baseline	overall	1.0	1.0740821111111112
sub-ADIE306	baseline	0	1.0	1.2215150000000001
sub-ADIE306	baseline	1	1.0	1.3644235
sub-ADIE306	baseline	overall	1.0	1.285029888888889
sub-ADIE315	baseline	0	1.0	1.6824876666666666
sub-ADIE315	baseline	1	0.8333333333333334	1.1987602000000002
sub-ADIE315	baseline	overall	0.8888888888888888	1.3801579999999998
sub-ADIE327	3mf	0	0.4	1.1770455
sub-ADIE327	3mf	1	0.5	1.5356163333333335
sub-ADIE327	3mf	overall	0.4444444444444444	1.3307187142857142
sub-ADIE327	baseline	0	0.4	1.5397249999999998
sub-ADIE327	baseline	1	1.0	0.8693505
sub-ADIE327	baseline	overall	0.6666666666666666	1.156653857142857
sub-ADIE332	3mf	0	1.0	1.4614303333333334
sub-ADIE332	3mf	1	0.8333333333333334	1.929380833333333
sub-ADIE332	3mf	overall	0.8888888888888888	1.7733973333333333
sub-ADIE332	baseline	0	0.5	1.961627
sub-ADIE332	baseline	1	0.2	1.514724
sub-ADIE332	baseline	overall	0.3333333333333333	1.8126593333333334
sub-ADIE333	3mf	0	1.0	1.10663975
sub-ADIE333	3mf	1	1.0	1.6278314000000003
sub-ADIE333	3mf	overall	1.0	1.3961906666666668
sub-ADIE339	3mf	0	1.0	0.8710169999999999
sub-ADIE339	3mf	1	1.0	0.7818687142857143
sub-ADIE339	3mf	overall	1.0	0.8016794444444444
sub-ADIE003	baseline	0	0.0	
sub-ADIE003	baseline	1	0.14285714285714285	1.447374
sub-ADIE003	baseline	overall	0.1111111111111111	1.447374
sub-ADIE006	3mf	0	0.6666666666666666	1.758545
sub-ADIE006	3mf	1	1.0	1.9657875
sub-ADIE006	3mf	overall	0.8888888888888888	1.913976875
sub-ADIE006	baseline	0	1.0	1.3772282
sub-ADIE006	baseline	1	0.5	2.2894875
sub-ADIE006	baseline	overall	0.7777777777777778	1.637873714285714
sub-ADIE007	baseline	0	0.5	2.085053
sub-ADIE007	baseline	1	0.7142857142857143	1.9502663999999998
sub-ADIE007	baseline	overall	0.6666666666666666	1.9727308333333333
sub-ADIE008	3mf	0	1.0	0.8374355000000001
sub-ADIE008	3mf	1	1.0	0.8543293333333333
sub-ADIE008	3mf	overall	1.0	0.8430667777777778
sub-ADIE008	baseline	0	1.0	0.8627378
sub-ADIE008	baseline	1	1.0	1.15605275
sub-ADIE008	baseline	overall	1.0	0.9931000000000001
sub-ADIE020	3mf	0	1.0	0.808044
sub-ADIE020	3mf	1	1.0	1.0741787999999999
sub-ADIE020	3mf	overall	1.0	0.9558966666666667
sub-ADIE020	baseline	0	1.0	1.023982
sub-ADIE020	baseline	1	1.0	0.98929925
sub-ADIE020	baseline	overall	1.0	1.0085674444444443
sub-ADIE023	baseline	0	0.0	
sub-ADIE023	baseline	1	0.0	
sub-ADIE023	baseline	overall	0.0	
sub-ADIE027	baseline	0	1.0	1.0592644
sub-ADIE027	baseline	1	1.0	1.3928105
sub-ADIE027	baseline	overall	1.0	1.2075071111111113
sub-ADIE029	baseline	0	1.0	1.02308975
sub-ADIE029	baseline	1	1.0	1.1198204
sub-ADIE029	baseline	overall	1.0	1.0768289999999998
sub-ADIE034	baseline	0	1.0	0.8547266
sub-ADIE034	baseline	1	0.75	2.1380083333333335
sub-ADIE034	baseline	overall	0.8888888888888888	1.33595725
sub-ADIE038	3mf	0	0.6666666666666666	1.5501885
sub-ADIE038	3mf	1	0.8333333333333334	1.550999
sub-ADIE038	3mf	overall	0.7777777777777778	1.5507674285714284
sub-ADIE038	baseline	0	0.2	1.82417125
sub-ADIE038	baseline	1	1.0	1.3456815000000002
sub-ADIE038	baseline	overall	0.5555555555555556	1.5849263750000002
sub-ADIE053	baseline	0	1.0	1.7132304
sub-ADIE053	baseline	1	0.75	1.9742073333333332
sub-ADIE053	baseline	overall	0.8888888888888888	1.81109675
sub-ADIE073	3mf	0	1.0	0.6784783333333332
sub-ADIE073	3mf	1	1.0	0.963701
sub-ADIE073	3mf	overall	1.0	0.8686267777777776
sub-ADIE073	baseline	0	1.0	0.8627556666666667
sub-ADIE073	baseline	1	1.0	0.66506
sub-ADIE073	baseline	overall	1.0	0.7968571111111111
sub-ADIE108	baseline	0	0.6	1.53101925
sub-ADIE108	baseline	1	0.25	1.812603
sub-ADIE108	baseline	overall	0.4444444444444444	1.587336
sub-ADIE111	3mf	0	1.0	0.79510525
sub-ADIE111	3mf	1	1.0	1.0629746
sub-ADIE111	3mf	overall	1.0	0.9439215555555557
sub-ADIE111	baseline	0	1.0	0.90736175
sub-ADIE111	baseline	1	1.0	1.5293822000000001
sub-ADIE111	baseline	overall	1.0	1.2529286666666666
sub-ADIE194	3mf	0	0.75	2.070948
sub-ADIE194	3mf	1	0.4	2.07019
sub-ADIE194	3mf	overall	0.5555555555555556	2.0706448
sub-ADIE194	baseline	0	0.3333333333333333	2.369836
sub-ADIE194	baseline	1	0.16666666666666666	2.336194
sub-ADIE194	baseline	overall	0.2222222222222222	2.353015
sub-ADIE217	baseline	0	1.0	1.7532143333333332
sub-ADIE217	baseline	1	1.0	1.4462074999999999
sub-ADIE217	baseline	overall	1.0	1.548543111111111
sub-ADIE229	baseline	0	0.6	1.7203009999999999
sub-ADIE229	baseline	1	0.25	1.177083
sub-ADIE229	baseline	overall	0.4444444444444444	1.5844964999999998
sub-CONADIE001	baseline	0	0.8	0.8101015
sub-CONADIE001	baseline	1	1.0	0.8208789999999999
sub-CONADIE001	baseline	overall	0.8888888888888888	0.81549025
sub-CONADIE002	baseline	0	1.0	0.762738
sub-CONADIE002	baseline	1	1.0	1.00596
sub-CONADIE002	baseline	overall	1.0	0.8978613333333334
sub-CONADIE003	baseline	0	1.0	1.5097956
sub-CONADIE003	baseline	1	1.0	1.638318
sub-CONADIE003	baseline	overall	1.0	1.5669166666666667
sub-CONADIE004	baseline	0	1.0	0.885298
sub-CONADIE004	baseline	1	1.0	1.1238814999999998
sub-CONADIE004	baseline	overall	1.0	1.0443536666666666
sub-CONADIE005	baseline	0	1.0	0.8123232
sub-CONADIE005	baseline	1	1.0	1.0606659999999999
sub-CONADIE005	baseline	overall	1.0	0.9226977777777778
sub-CONADIE007	baseline	0	1.0	1.2401559999999998
sub-CONADIE007	baseline	1	0.75	1.55028
sub-CONADIE007	baseline	overall	0.8888888888888888	1.3564525
sub-CONADIE008	baseline	0	1.0	1.0022212499999998
sub-CONADIE008	baseline	1	0.6	1.07418725
sub-CONADIE008	baseline	overall	0.7777777777777778	1.03820425
sub-CONADIE009	baseline	0	1.0	1.047528
sub-CONADIE009	baseline	1	0.75	1.4257753333333332
sub-CONADIE009	baseline	overall	0.8888888888888888	1.18937075
sub-CONADIE010	baseline	0	1.0	0.8376419999999999
sub-CONADIE010	baseline	1	1.0	1.5458063333333334
sub-CONADIE010	baseline	overall	1.0	1.073696777777778
sub-CONADIE011	baseline	0	1.0	0.98580925
sub-CONADIE011	baseline	1	1.0	0.9639042
sub-CONADIE011	baseline	overall	1.0	0.9736397777777778
sub-CONADIE012	baseline	0	1.0	1.1905885
sub-CONADIE012	baseline	1	0.4	1.819132
sub-CONADIE012	baseline	overall	0.6666666666666666	1.4001029999999999
sub-CONADIE013	baseline	0	1.0	0.8430386000000001
sub-CONADIE013	baseline	1	1.0	1.027206
sub-CONADIE013	baseline	overall	1.0	0.9248907777777777
sub-CONADIE014	baseline	0	0.8	1.499532
sub-CONADIE014	baseline	1	0.75	1.756609
sub-CONADIE014	baseline	overall	0.7777777777777778	1.609707857142857
sub-CONADIE015	baseline	0	1.0	0.925014
sub-CONADIE015	baseline	1	1.0	1.0345066666666665
sub-CONADIE015	baseline	overall	1.0	0.9980091111111111
sub-CONADIE016	baseline	0	1.0	0.7117205
sub-CONADIE016	baseline	1	1.0	0.7752096
sub-CONADIE016	baseline	overall	1.0	0.7469922222222221
sub-CONADIE017	baseline	0	0.3333333333333333	1.8548850000000001
sub-CONADIE017	baseline	1	0.0	
sub-CONADIE017	baseline	overall	0.2222222222222222	1.8548850000000001
sub-CONADIE019	baseline	0	1.0	1.4561468
sub-CONADIE019	baseline	1	1.0	1.5620294999999997
sub-CONADIE019	baseline	overall	1.0	1.5032057777777776
sub-CONADIE020	baseline	0	1.0	0.8071642499999999
sub-CONADIE020	baseline	1	1.0	0.8881794000000001
sub-CONADIE020	baseline	overall	1.0	0.8521726666666667
sub-CONADIE021	baseline	0	1.0	0.8798864
sub-CONADIE021	baseline	1	1.0	0.7032467499999999
sub-CONADIE021	baseline	overall	1.0	0.8013798888888889
sub-CONADIE022	baseline	0	1.0	0.7956868
sub-CONADIE022	baseline	1	1.0	1.10140825
sub-CONADIE022	baseline	overall	1.0	0.931563
sub-CONADIE023	baseline	0	1.0	0.6841278333333333
sub-CONADIE023	baseline	1	1.0	1.3739323333333333
sub-CONADIE023	baseline	overall	1.0	0.9140626666666667
sub-CONADIE024	baseline	0	1.0	1.226411
sub-CONADIE024	baseline	1	0.8333333333333334	1.7097078000000003
sub-CONADIE024	baseline	overall	0.8888888888888888	1.5284715000000002
sub-CONADIE025	baseline	0	1.0	1.095849
sub-CONADIE025	baseline	1	1.0	1.3212476666666666
sub-CONADIE025	baseline	overall	1.0	1.170981888888889
sub-CONADIE026	baseline	0	1.0	0.8056296
sub-CONADIE026	baseline	1	0.75	1.3654970000000002
sub-CONADIE026	baseline	overall	0.8888888888888888	1.015579875
sub-CONADIE027	baseline	0	1.0	0.893358
sub-CONADIE027	baseline	1	1.0	1.3392582000000002
sub-CONADIE027	baseline	overall	1.0	1.1410803333333333
sub-CONADIE028	baseline	0	1.0	1.360649
sub-CONADIE028	baseline	1	1.0	1.3171818
sub-CONADIE028	baseline	overall	1.0	1.3365005555555554
sub-CONADIE029	baseline	0	1.0	1.4241985
sub-CONADIE029	baseline	1	0.6	1.663092
sub-CONADIE029	baseline	overall	0.7777777777777778	1.5265814285714285
sub-CONADIE030	baseline	0	0.5	0.985807
sub-CONADIE030	baseline	1	1.0	1.0622934000000002
sub-CONADIE030	baseline	overall	0.7777777777777778	1.033611
sub-CONADIE032	baseline	0	1.0	1.1168153333333333
sub-CONADIE032	baseline	1	0.6666666666666666	1.773374
sub-CONADIE032	baseline	overall	0.8888888888888888	1.2809550000000003
sub-CONADIE033	baseline	0	1.0	1.3573092500000001
sub-CONADIE033	baseline	1	1.0	1.1565714000000002
sub-CONADIE033	baseline	overall	1.0	1.2457882222222225
sub-CONADIE034	baseline	0	1.0	0.6331772
sub-CONADIE034	baseline	1	0.75	1.2820706666666668
sub-CONADIE034	baseline	overall	0.8888888888888888	0.8765122500000001
sub-CONADIE035	baseline	0	0.8	1.17698575
sub-CONADIE035	baseline	1	0.75	1.6995206666666667
sub-CONADIE035	baseline	overall	0.7777777777777778	1.4009292857142859
sub-CONADIE036	baseline	0	0.75	1.2059335
sub-CONADIE036	baseline	1	0.6	1.1498624
sub-CONADIE036	baseline	overall	0.6666666666666666	1.174782888888889
sub-CONADIE037	baseline	0	1.0	1.51058525
sub-CONADIE037	baseline	1	1.0	1.698394
sub-CONADIE037	baseline	overall	1.0	1.6149234444444445
sub-CONADIE038	baseline	0	1.0	0.7802785
sub-CONADIE038	baseline	1	0.6666666666666666	1.183547
sub-CONADIE038	baseline	overall	0.8888888888888888	0.881095625
sub-CONADIE040	baseline	0	1.0	1.0467898
sub-CONADIE040	baseline	1	1.0	1.59533525
sub-CONADIE040	baseline	overall	1.0	1.2905877777777777
sub-CONADIE041	baseline	0	1.0	0.7402040000000001
sub-CONADIE041	baseline	1	1.0	0.771296
sub-CONADIE041	baseline	overall	1.0	0.7574773333333333
sub-CONADIE042	baseline	0	1.0	0.8206481999999999
sub-CONADIE042	baseline	1	0.5	1.0569856666666666
sub-CONADIE042	baseline	overall	0.7777777777777778	0.9092747499999999
sub-CONADIE043	baseline	0	0.75	1.242721
sub-CONADIE043	baseline	1	0.8	1.482225
sub-CONADIE043	baseline	overall	0.7777777777777778	1.3795804285714284
sub-CONADIE044	baseline	0	1.0	0.90805075
sub-CONADIE044	baseline	1	0.8	0.9486755
sub-CONADIE044	baseline	overall	0.8888888888888888	0.928363125
sub-CONADIE045	baseline	0	1.0	0.8163544
sub-CONADIE045	baseline	1	1.0	1.22652275
sub-CONADIE045	baseline	overall	1.0	0.9986514444444445
sub-CONADIE046	baseline	0	0.0	
sub-CONADIE046	baseline	1	0.4	1.675114
sub-CONADIE046	baseline	overall	0.2222222222222222	1.675114
sub-CONADIE047	baseline	0	1.0	0.9131828000000001
sub-CONADIE047	baseline	1	0.75	1.4904467500000003
sub-CONADIE047	baseline	overall	0.8888888888888888	1.1697445555555557
sub-CONADIE048	baseline	0	0.8571428571428571	1.148721714285714
sub-CONADIE048	baseline	1	1.0	2.0238155
sub-CONADIE048	baseline	overall	0.8888888888888888	1.3431869999999997
sub-CONADIE050	baseline	0	1.0	1.4198246
sub-CONADIE050	baseline	1	1.0	1.6128680000000002
sub-CONADIE050	baseline	overall	1.0	1.5056216666666669
sub-CONADIE051	baseline	0	1.0	1.0751756
sub-CONADIE051	baseline	1	0.75	1.5186
sub-CONADIE051	baseline	overall	0.8888888888888888	1.24145975
sub-CONADIE052	baseline	0	1.0	1.8421321666666668
sub-CONADIE052	baseline	1	0.6666666666666666	1.8996115
sub-CONADIE052	baseline	overall	0.8888888888888888	1.8565020000000003
sub-CONADIE060	baseline	0	1.0	0.619387
sub-CONADIE060	baseline	1	1.0	0.9863455000000001
sub-CONADIE060	baseline	overall	1.0	0.7824796666666667
sub-CONADIE063	baseline	0	1.0	1.6037084
sub-CONADIE063	baseline	1	0.5	2.121263
sub-CONADIE063	baseline	overall	0.7777777777777778	1.7515811428571428
sub-CONADIE064	baseline	0	0.75	1.1081143333333332
sub-CONADIE064	baseline	1	0.8	1.13407325
sub-CONADIE064	baseline	overall	0.7777777777777778	1.122948
sub-CONADIE065	baseline	0	1.0	0.8981896
sub-CONADIE065	baseline	1	1.0	1.114738
sub-CONADIE065	baseline	overall	1.0	0.9944333333333335
sub-CONADIE066	baseline	0	1.0	1.2375995
sub-CONADIE066	baseline	1	1.0	1.1556386
sub-CONADIE066	baseline	overall	1.0	1.1920656666666667
sub-CONADIE067	baseline	0	1.0	1.302158
sub-CONADIE067	baseline	1	0.8333333333333334	1.4003358000000001
sub-CONADIE067	baseline	overall	0.8888888888888888	1.3635191249999998
sub-CONADIE068	baseline	0	0.8	1.4652384999999999
sub-CONADIE068	baseline	1	1.0	1.7124657500000002
sub-CONADIE068	baseline	overall	0.8888888888888888	1.5888521250000003
sub-CONADIE069	baseline	0	0.6666666666666666	1.642515
sub-CONADIE069	baseline	1	0.8333333333333334	1.5740121999999999
sub-CONADIE069	baseline	overall	0.7777777777777778	1.5935844285714287
